first_name,last_name,date_of_birth,email,address,phone
Teodoro,Cuolahan,2018-02-24,tcuolahan0@ucla.edu,338 Cambridge Point,457-158-1047
Nelie,Eiler,2018-07-07,neiler1@nymag.com,16372 Oak Valley Place,307-338-6229
Leela,Myrtle,2018-08-19,lmyrtle2@shutterfly.com,7373 Jenna Court,335-226-2937
Millisent,Strickland,2018-04-11,mstrickland3@cafepress.com,157 Northland Court,903-275-9774
Tory,Horrod,2017-12-01,thorrod4@delicious.com,6542 Burning Wood Pass,726-748-6217
Tiff,Duckworth,2018-09-15,tduckworth5@xing.com,6 Beilfuss Way,545-402-0294
Carmelina,Trudgion,2018-07-12,ctrudgion6@cam.ac.uk,4811 Cardinal Way,184-329-3932
Fernanda,Oakenfall,2018-02-24,foakenfall7@simplemachines.org,4345 Pankratz Crossing,193-696-9502
Kristyn,Paulot,2018-03-30,kpaulot8@issuu.com,17915 Warner Lane,662-256-1347
Antonetta,Dyet,2017-12-28,adyet9@goodreads.com,87 Emmet Court,949-514-9023
Gonzalo,Tee,2018-05-28,gteea@admin.ch,1256 East Lane,387-709-7608
Case,Horsewood,2018-08-04,chorsewoodb@eepurl.com,86225 Granby Point,549-973-3577
Chanda,Caltun,2018-01-21,ccaltunc@ca.gov,8608 Fremont Road,381-320-4550
Tobey,Dunrige,2018-08-11,tdunriged@harvard.edu,11 Ridge Oak Alley,843-937-2614
Antonie,Taylo,2018-09-28,atayloe@ebay.com,250 Continental Junction,990-556-2298
Osborn,Arboine,2018-05-11,oarboinef@t-online.de,989 Quincy Center,579-900-7713
Regen,Emmanueli,2018-02-24,remmanuelig@china.com.cn,81230 Bartelt Circle,884-894-8871
Katina,Emes,2018-06-11,kemesh@tuttocitta.it,52119 Grover Way,838-874-6813
Lissa,Kieff,2018-07-12,lkieffi@ted.com,31813 Butternut Trail,337-203-7626
Ric,Vella,2018-10-01,rvellaj@macromedia.com,2882 Texas Trail,949-789-7891
Marita,Lacheze,2018-07-17,mlachezek@parallels.com,169 Dexter Parkway,150-353-7453
Christoper,Cordrey,2018-04-21,ccordreyl@netscape.com,1341 Hermina Crossing,509-812-2135
Felix,Cottle,2018-09-09,fcottlem@live.com,800 Emmet Trail,263-341-4801
Johnny,Stockall,2018-03-26,jstockalln@live.com,2987 Gina Lane,117-335-6236
Flory,Beeston,2018-05-08,fbeestono@utexas.edu,0 Gina Center,995-927-7987
Anabel,Jerger,2017-11-22,ajergerp@constantcontact.com,2581 Dahle Street,363-264-4013
Maressa,Matusov,2018-09-05,mmatusovq@google.com.br,64 Schlimgen Point,201-667-1681
Sapphira,O'Hannigan,2017-11-18,sohanniganr@alibaba.com,7 Helena Trail,844-198-3437
Abran,Chidler,2018-04-19,achidlers@weebly.com,69466 Little Fleur Circle,769-450-1975
Huntley,Okenden,2017-12-27,hokendent@scribd.com,108 Nobel Way,682-482-1588
Halsy,Windaybank,2018-09-07,hwindaybanku@admin.ch,10472 Canary Hill,487-236-9213
Decca,Zorn,2017-12-05,dzornv@senate.gov,9950 Spenser Park,430-461-2984
Lynnette,Blenkinsopp,2018-03-01,lblenkinsoppw@bloglovin.com,5 Evergreen Plaza,918-589-4634
Liv,Kingett,2018-04-10,lkingettx@mozilla.org,294 Trailsway Lane,518-686-2247
Harrison,Hatcliffe,2018-07-10,hhatcliffey@typepad.com,67 Lukken Plaza,962-759-7788
Felice,Tenniswood,2018-11-11,ftenniswoodz@wisc.edu,2 Meadow Ridge Street,496-903-1252
Ashlen,Rigler,2017-12-09,arigler10@hhs.gov,8608 Green Ridge Street,620-695-5495
Mary,Pes,2018-07-16,mpes11@newsvine.com,9 La Follette Parkway,440-343-0267
Nicki,Laxtonne,2018-08-22,nlaxtonne12@dailymail.co.uk,63931 Northview Drive,206-618-7899
Bettina,McColm,2018-02-04,bmccolm13@time.com,8070 Loeprich Drive,237-763-5757
Frederich,Chislett,2018-03-24,fchislett14@mysql.com,96 Lerdahl Terrace,256-955-6997
Mame,McIlhatton,2018-08-03,mmcilhatton15@va.gov,39 Hoard Way,114-816-9538
Georgine,Hentzeler,2018-07-16,ghentzeler16@huffingtonpost.com,15 Sugar Parkway,763-133-6323
Freeman,Matissoff,2018-08-12,fmatissoff17@ucsd.edu,3990 Heath Pass,901-785-7014
Torey,Longmate,2018-07-09,tlongmate18@washingtonpost.com,0821 Nevada Trail,326-915-2451
Clayson,Sammut,2017-12-04,csammut19@sciencedirect.com,73 Vermont Street,122-827-4493
Ajay,Terbruggen,2018-08-07,aterbruggen1a@patch.com,11415 Troy Center,371-138-6907
Enrica,Chrismas,2018-03-11,echrismas1b@squidoo.com,08924 Red Cloud Park,647-797-2966
Gunter,Swatton,2018-07-10,gswatton1c@creativecommons.org,10 Kingsford Point,944-324-0733
Shandy,Hebblewhite,2018-04-29,shebblewhite1d@hud.gov,983 Hayes Center,404-839-5001
Agosto,Bacop,2017-12-30,abacop1e@oakley.com,868 Gulseth Hill,395-943-4938
Calhoun,Moody,2018-04-25,cmoody1f@netvibes.com,8 Carpenter Circle,448-822-6560
Marietta,Dickens,2018-01-29,mdickens1g@nhs.uk,8 Mayer Point,451-656-3730
Hazel,Gilfoyle,2018-08-19,hgilfoyle1h@pbs.org,87 Brentwood Drive,478-322-2749
Karlotte,Keddey,2018-09-15,kkeddey1i@t.co,96474 Kensington Parkway,241-714-0470
Cob,Camillo,2018-02-12,ccamillo1j@1und1.de,9 Mosinee Trail,169-401-1373
Marthe,Hayesman,2018-07-06,mhayesman1k@fastcompany.com,5 Clove Pass,616-848-5144
Celestine,Lambert-Ciorwyn,2018-06-03,clambertciorwyn1l@sohu.com,08920 Center Park,797-964-2576
Blondelle,Beers,2018-09-30,bbeers1m@drupal.org,02 8th Drive,216-881-5491
Bradly,Hassen,2018-03-30,bhassen1n@google.nl,1 Talisman Park,826-752-1275
Johny,Barajas,2018-08-04,jbarajas1o@prlog.org,98 Northfield Place,537-391-7480
Faith,Grey,2018-08-06,fgrey1p@twitter.com,0 Gerald Crossing,221-533-3879
Tatiania,Booker,2018-05-10,tbooker1q@imdb.com,3197 Morningstar Park,852-653-2540
Salome,Rowly,2017-12-10,srowly1r@hhs.gov,7 Fairview Trail,854-585-6858
Ellen,Sigars,2018-07-16,esigars1s@technorati.com,65399 Nevada Alley,538-201-1328
Drugi,Sudell,2017-12-19,dsudell1t@yelp.com,2537 Kropf Way,962-888-3884
Shauna,Mottinelli,2018-03-13,smottinelli1u@adobe.com,64 Granby Street,937-546-7384
Daniella,Pawlowicz,2018-06-22,dpawlowicz1v@yelp.com,1 Marcy Terrace,912-252-1469
Nat,Endecott,2018-09-08,nendecott1w@sciencedirect.com,37 Park Meadow Drive,130-959-3233
Marco,Grafton-Herbert,2018-04-10,mgraftonherbert1x@macromedia.com,44735 Lawn Place,115-781-9706
Gibbie,Flegg,2018-05-21,gflegg1y@house.gov,01805 Laurel Lane,220-408-3246
Belvia,Kynson,2018-04-14,bkynson1z@flickr.com,37648 Eastwood Road,799-128-5085
Kali,Frohock,2017-12-28,kfrohock20@scientificamerican.com,751 Stang Plaza,474-691-7656
Salem,Sallan,2018-06-21,ssallan21@mashable.com,2 Killdeer Junction,113-919-3238
Carolyn,O'Noland,2018-05-02,conoland22@desdev.cn,776 Washington Pass,113-378-1263
Mattias,Booeln,2018-03-14,mbooeln23@ezinearticles.com,07 East Center,681-209-0369
Roselin,MacDuff,2017-12-29,rmacduff24@yellowpages.com,3 Schmedeman Junction,184-765-0696
Evita,Alekhov,2018-10-18,ealekhov25@goodreads.com,96 Westerfield Drive,366-210-4769
Nollie,MacCostye,2018-02-25,nmaccostye26@chicagotribune.com,674 Loomis Drive,233-810-9458
Arabella,Hamlett,2017-11-19,ahamlett27@digg.com,71 Hoffman Parkway,829-576-7968
Olwen,Hardaker,2018-07-02,ohardaker28@dmoz.org,16544 Pearson Center,657-909-6117
Abraham,Sanders,2018-02-18,asanders29@clickbank.net,2 Glacier Hill Parkway,714-855-9334
Cass,Cadd,2018-07-11,ccadd2a@tinypic.com,03119 8th Terrace,220-964-4981
Adi,Blaszczyk,2018-04-20,ablaszczyk2b@blog.com,31 Bluejay Center,209-579-6928
Cosetta,Newberry,2018-03-26,cnewberry2c@alibaba.com,4 Hauk Center,284-409-5580
Herc,Tickner,2017-12-23,htickner2d@fc2.com,07 Russell Trail,221-143-4280
Kaspar,MacGruer,2017-12-09,kmacgruer2e@simplemachines.org,309 Anniversary Circle,478-668-5815
Henrie,Bonnor,2018-02-07,hbonnor2f@dmoz.org,35 Twin Pines Road,439-731-0224
Bert,Bisp,2018-03-23,bbisp2g@sohu.com,406 Nevada Court,349-284-7734
Emili,Smerdon,2018-04-14,esmerdon2h@godaddy.com,6060 Novick Alley,352-337-0830
Mariel,Farnaby,2018-06-13,mfarnaby2i@shutterfly.com,3 Trailsway Drive,197-400-1195
Angeline,Hollindale,2018-08-10,ahollindale2j@macromedia.com,2 Pearson Road,508-466-5764
Thaddeus,Truss,2018-11-09,ttruss2k@comsenz.com,11391 Prairieview Court,169-891-0315
Alexis,Seer,2018-05-13,aseer2l@odnoklassniki.ru,58828 Bashford Way,906-978-2369
Malchy,Priestner,2017-12-18,mpriestner2m@msu.edu,347 Waubesa Center,353-927-0429
Solly,Faltskog,2018-08-17,sfaltskog2n@altervista.org,4198 Farwell Drive,806-779-0749
Val,Tewkesbury,2018-01-28,vtewkesbury2o@umich.edu,264 Hoard Road,675-492-2304
Geordie,Girardoni,2018-06-29,ggirardoni2p@list-manage.com,45 Redwing Place,814-297-0607
Denys,Sandwick,2018-02-18,dsandwick2q@illinois.edu,29791 Carpenter Parkway,320-993-3321
Dian,Karlolczak,2018-08-29,dkarlolczak2r@google.co.uk,852 Carioca Parkway,744-942-1438
Huntlee,Kuhne,2018-09-16,hkuhne2s@nbcnews.com,2967 Anthes Circle,555-208-3097
Ivor,Fargie,2017-12-29,ifargie2t@npr.org,34425 Graceland Point,611-351-2358
Lamar,Clissell,2018-02-28,lclissell2u@virginia.edu,074 Fairview Hill,198-750-2010
Hebert,Gavey,2018-10-07,hgavey2v@imdb.com,06 Stoughton Point,308-264-9347
Krishnah,O'Deegan,2018-08-19,kodeegan2w@zdnet.com,4729 Canary Circle,138-494-2008
Hedwig,Drewell,2018-09-25,hdrewell2x@usda.gov,8435 Luster Pass,271-696-8367
Nanine,Murt,2018-01-20,nmurt2y@godaddy.com,89 Rockefeller Crossing,805-838-5470
Skippy,Ambrogi,2018-10-23,sambrogi2z@businessinsider.com,40 Columbus Way,153-516-2939
Clevie,Daveridge,2018-10-17,cdaveridge30@addtoany.com,3444 Park Meadow Center,796-743-6676
Adi,Gaitone,2018-10-19,agaitone31@japanpost.jp,2794 Buhler Circle,687-546-1047
Elianora,Eginton,2018-10-11,eeginton32@squarespace.com,20 Eagan Court,716-637-9472
Benoit,Sacks,2018-08-13,bsacks33@boston.com,15 Melby Park,942-758-9959
Joelle,Wolton,2018-02-21,jwolton34@fotki.com,4441 Menomonie Crossing,661-465-1845
Reade,Dickson,2018-02-21,rdickson35@state.gov,66945 Reinke Court,584-638-3126
Mariam,Andrei,2018-03-02,mandrei36@1688.com,485 Green Ridge Crossing,683-908-8689
Susan,Aspinall,2018-09-13,saspinall37@biglobe.ne.jp,00811 Ohio Place,964-326-9873
Junia,Grigoire,2018-01-09,jgrigoire38@tinypic.com,2 Corry Junction,425-536-0190
Ginnie,Ricciardello,2018-01-22,gricciardello39@imdb.com,84783 Evergreen Park,242-644-6669
Giovanni,Feveryear,2018-09-14,gfeveryear3a@google.es,04 Erie Junction,281-221-9569
Forrester,Harpin,2017-11-24,fharpin3b@hubpages.com,1966 Bay Trail,486-199-0948
Siouxie,Macklam,2018-10-05,smacklam3c@usnews.com,91 Tennyson Trail,632-915-8127
Bond,Killerby,2018-07-03,bkillerby3d@webnode.com,9536 Chive Hill,752-855-3834
Patrica,Belford,2018-06-09,pbelford3e@skyrock.com,302 Mayer Crossing,859-300-1505
Hewet,MacDonald,2017-12-13,hmacdonald3f@archive.org,3312 Monument Park,883-643-9605
Thorvald,Bursnoll,2018-10-21,tbursnoll3g@boston.com,9182 Crescent Oaks Pass,872-612-6965
Wald,Brideoke,2018-07-09,wbrideoke3h@sakura.ne.jp,463 Superior Way,598-374-2879
Garrard,Bril,2018-07-05,gbril3i@qq.com,080 Briar Crest Way,357-829-2237
Lynette,Andrick,2017-11-27,landrick3j@wired.com,13 Knutson Center,812-671-6250
Afton,Ellam,2018-08-18,aellam3k@yale.edu,71014 Harper Avenue,653-362-9534
Fee,Wisedale,2018-06-01,fwisedale3l@shop-pro.jp,13 Towne Center,777-367-6458
Issiah,Rolley,2018-08-10,irolley3m@moonfruit.com,853 Monterey Lane,702-989-6709
Mikael,Rany,2017-11-30,mrany3n@usa.gov,15 Golf Course Trail,814-608-9267
Mathian,Gregoli,2018-02-20,mgregoli3o@usnews.com,68153 Southridge Crossing,630-284-3554
Doralia,Rule,2018-06-03,drule3p@e-recht24.de,5 Sommers Court,195-704-2243
Belia,Fackrell,2017-12-29,bfackrell3q@shutterfly.com,89585 Commercial Court,421-323-7705
Sigvard,Davidovitch,2018-06-20,sdavidovitch3r@tmall.com,086 Daystar Parkway,337-906-4927
Taite,Clemon,2017-12-29,tclemon3s@loc.gov,4613 Victoria Avenue,599-861-1958
Loren,Vankov,2018-04-13,lvankov3t@usa.gov,8738 Birchwood Circle,677-688-7645
Junette,Curwood,2018-04-08,jcurwood3u@apache.org,6347 Oriole Pass,100-962-7119
Adina,Guerrazzi,2018-02-17,aguerrazzi3v@usa.gov,0 Bayside Circle,675-630-7774
Linda,Oseman,2018-09-21,loseman3w@businessinsider.com,3 Red Cloud Circle,705-391-1347
Shelli,Lindegard,2018-01-21,slindegard3x@sohu.com,9 Macpherson Street,191-517-6459
Raquela,Konneke,2018-08-20,rkonneke3y@ezinearticles.com,9053 Parkside Street,162-124-0762
Bee,Nutbrown,2018-06-16,bnutbrown3z@elegantthemes.com,16753 Luster Plaza,168-306-2806
Quintina,Cocher,2018-05-25,qcocher40@wix.com,65 Rowland Avenue,225-850-6339
Hedvig,Jakovijevic,2018-09-15,hjakovijevic41@github.io,5206 Sutherland Trail,134-684-8967
Ambros,Gyorgy,2017-12-22,agyorgy42@uol.com.br,7901 Butternut Terrace,203-856-8845
Micaela,Kemmish,2018-06-29,mkemmish43@washington.edu,66 Dovetail Drive,364-610-9822
Bernete,Draaisma,2017-12-04,bdraaisma44@ihg.com,3 John Wall Court,100-679-2347
Ondrea,Baudrey,2017-12-06,obaudrey45@amazon.com,49907 Northwestern Pass,575-137-9571
Sharai,Klewi,2017-11-26,sklewi46@reddit.com,3159 Macpherson Way,682-834-8722
Brandy,Heak,2017-11-17,bheak47@pcworld.com,7273 Harbort Center,364-376-9301
Gregorio,Sperski,2018-06-28,gsperski48@china.com.cn,23108 Upham Center,400-635-7746
Jemmie,Fletcher,2018-02-24,jfletcher49@wikispaces.com,0 Pepper Wood Place,298-460-9533
Dayle,Traite,2018-05-04,dtraite4a@typepad.com,108 Green Ridge Drive,871-158-7677
Nerita,By,2018-10-04,nby4b@mozilla.com,3533 Bellgrove Hill,679-964-7887
Cinnamon,O'Halloran,2017-12-14,cohalloran4c@paginegialle.it,24 Express Pass,257-309-6306
Grady,Garlicke,2018-04-10,ggarlicke4d@friendfeed.com,50 Hazelcrest Street,110-908-2173
Zuzana,Mould,2018-11-06,zmould4e@hc360.com,07 Clemons Parkway,694-960-1805
Brit,Philpots,2018-02-27,bphilpots4f@cafepress.com,54054 Vahlen Place,878-746-0129
Prudence,De Brett,2018-10-12,pdebrett4g@youku.com,1 Portage Center,601-515-4171
Findley,Pretswell,2017-11-29,fpretswell4h@webnode.com,5 Portage Plaza,881-612-8257
Lesya,Filde,2018-03-06,lfilde4i@washingtonpost.com,05318 Miller Plaza,502-356-9265
Missie,Petracco,2018-02-17,mpetracco4j@symantec.com,987 Hollow Ridge Court,613-600-8507
Christian,McBoyle,2018-01-07,cmcboyle4k@cargocollective.com,535 Messerschmidt Terrace,868-735-5656
Chalmers,Edgworth,2018-01-04,cedgworth4l@behance.net,3455 North Hill,603-678-5365
Polly,Verrier,2018-10-03,pverrier4m@artisteer.com,45 Farragut Circle,850-426-6207
Nonah,Roumier,2018-02-18,nroumier4n@newsvine.com,1 Roth Pass,835-389-6067
Norton,MacManus,2018-04-14,nmacmanus4o@senate.gov,774 Thompson Way,548-189-8769
Heidie,Nisard,2018-07-18,hnisard4p@mlb.com,340 Florence Parkway,167-512-7803
Port,Stiggers,2018-02-18,pstiggers4q@jigsy.com,693 Mockingbird Court,286-620-6353
Scott,McKnockiter,2018-01-15,smcknockiter4r@cnbc.com,78758 Hagan Court,844-386-9860
Rayna,Carme,2018-08-19,rcarme4s@oakley.com,3233 Bartillon Street,272-296-4267
Deonne,Diviny,2018-10-14,ddiviny4t@github.com,6 Golf View Plaza,645-193-4132
Queenie,Belsey,2018-06-23,qbelsey4u@php.net,24 Lakewood Street,221-525-4616
Nert,Farenden,2017-12-06,nfarenden4v@51.la,60567 Talmadge Lane,942-895-6425
Adelheid,Pickett,2018-04-15,apickett4w@php.net,52 Schmedeman Center,191-805-0275
Jasmine,Medgewick,2018-01-30,jmedgewick4x@woothemes.com,1435 Loeprich Street,922-363-8838
Spenser,Van der Brug,2017-12-26,svanderbrug4y@discovery.com,01 Esker Lane,308-170-6485
Cathee,Woodall,2018-10-01,cwoodall4z@devhub.com,621 Basil Alley,736-966-7705
Oberon,Covely,2018-01-08,ocovely50@kickstarter.com,71087 Crest Line Trail,411-140-8578
Bord,Jentet,2018-08-25,bjentet51@princeton.edu,28 Kensington Court,711-243-5919
Kane,Puckring,2018-10-31,kpuckring52@npr.org,24 Golf View Crossing,523-298-7305
Guilbert,Catterall,2018-05-02,gcatterall53@cbsnews.com,5 Hayes Plaza,202-893-4957
Westbrooke,Goodsal,2018-05-18,wgoodsal54@nydailynews.com,4104 Union Park,310-146-7059
Ethel,Wederell,2018-02-10,ewederell55@wikipedia.org,8 Sage Place,852-207-9643
Devora,Sones,2018-07-15,dsones56@gov.uk,73056 Melrose Hill,445-957-6691
Filippo,Corkan,2018-01-12,fcorkan57@sitemeter.com,71 Helena Street,560-499-8974
Traci,Anstie,2018-04-18,tanstie58@princeton.edu,18883 Derek Avenue,872-366-4335
Adel,Imlach,2018-01-17,aimlach59@is.gd,9775 Johnson Court,339-497-9900
Gypsy,Falloon,2018-02-17,gfalloon5a@tmall.com,2 Helena Place,247-940-4347
Odelinda,Gledhill,2018-05-25,ogledhill5b@elpais.com,13 Little Fleur Court,635-426-0014
Kasper,Fluck,2018-10-28,kfluck5c@salon.com,8 Mallory Road,130-148-1610
Ninon,Leband,2018-10-21,nleband5d@xrea.com,602 Laurel Center,308-368-7172
Brigitte,Southward,2018-06-07,bsouthward5e@army.mil,25 Monterey Place,629-981-3339
Paige,Paradin,2018-03-31,pparadin5f@ow.ly,09599 Sugar Lane,946-633-3128
Annnora,Nice,2018-08-30,anice5g@slashdot.org,02019 Old Shore Plaza,828-975-9734
Melvin,Hun,2018-08-06,mhun5h@army.mil,06474 Sutteridge Road,174-858-0314
Krista,Okell,2018-09-03,kokell5i@nasa.gov,881 Twin Pines Pass,233-247-3456
Randi,Bethel,2018-08-07,rbethel5j@dailymotion.com,9 Corben Alley,130-756-7964
Barbara,Rumble,2018-07-15,brumble5k@census.gov,04 Mariners Cove Road,391-183-8202
Nissie,Girt,2018-09-11,ngirt5l@nytimes.com,7 Blackbird Terrace,325-634-0693
Rebekah,Keenlayside,2018-06-21,rkeenlayside5m@skype.com,2764 East Trail,112-464-7498
Maritsa,Jandl,2018-03-25,mjandl5n@ow.ly,47 Sauthoff Drive,790-382-9857
Owen,Whitington,2018-05-29,owhitington5o@redcross.org,7 Thackeray Point,572-221-9656
Maddie,Balk,2018-03-24,mbalk5p@123-reg.co.uk,13436 Dahle Place,389-613-0732
Nicko,Caruth,2018-07-12,ncaruth5q@patch.com,45 Division Park,623-725-4372
Sasha,Goldston,2018-05-05,sgoldston5r@msu.edu,425 Fairfield Drive,709-984-8223
Gaultiero,Guinane,2018-01-29,gguinane5s@mit.edu,8 Meadow Ridge Trail,124-847-2162
Marcy,Speeding,2018-08-08,mspeeding5t@unc.edu,7 New Castle Plaza,198-795-4679
Virgie,Lamborn,2018-02-11,vlamborn5u@youtube.com,03424 Montana Lane,225-804-4625
Emmeline,Chattock,2018-10-08,echattock5v@webnode.com,294 Dixon Court,107-752-0335
Bennett,Gameson,2018-08-11,bgameson5w@vimeo.com,949 Esker Point,509-590-0082
Aleece,Clementson,2018-10-23,aclementson5x@whitehouse.gov,2916 Westport Lane,357-625-3067
Katherine,Boldecke,2018-04-15,kboldecke5y@joomla.org,36 Graceland Center,997-171-7107
Bobbe,Davidovici,2017-12-05,bdavidovici5z@squarespace.com,70649 Jana Pass,782-727-7213
Constantin,Mushet,2018-07-11,cmushet60@woothemes.com,178 Springview Lane,192-400-4361
Meggie,Corneck,2018-04-08,mcorneck61@jugem.jp,948 Steensland Place,800-433-3864
Kimberlee,Carous,2018-01-07,kcarous62@arizona.edu,2 Dovetail Crossing,974-961-1952
Pincus,Vitet,2018-10-07,pvitet63@hud.gov,27625 Golden Leaf Point,131-808-8377
Tim,Blampied,2018-06-28,tblampied64@csmonitor.com,379 Ryan Lane,150-949-9640
Ad,Allon,2018-06-30,aallon65@ucsd.edu,0016 Daystar Crossing,240-652-1704
Joey,Pedwell,2017-12-05,jpedwell66@bbb.org,35518 Declaration Plaza,497-764-5313
Rosco,Uzelli,2017-12-04,ruzelli67@gov.uk,5271 Delaware Crossing,799-683-2712
Samantha,Treadaway,2018-05-04,streadaway68@51.la,5 Thierer Hill,174-133-8250
Zaneta,Tourne,2018-05-28,ztourne69@cdc.gov,60798 Anniversary Pass,548-116-6155
Obadiah,Steventon,2018-09-19,osteventon6a@baidu.com,08404 Chive Street,626-869-9375
Petronella,Wharin,2018-09-26,pwharin6b@home.pl,78 Esker Crossing,558-172-8803
Albertina,Vecard,2018-07-03,avecard6c@earthlink.net,1 Green Street,169-877-4184
Torrence,Gabbatt,2018-10-07,tgabbatt6d@icio.us,26 East Point,342-417-4347
Ricca,Arnaudi,2018-02-18,rarnaudi6e@weather.com,251 Loomis Lane,144-605-3271
Tanney,De Blase,2018-01-19,tdeblase6f@europa.eu,971 Autumn Leaf Court,770-844-4389
Lela,Howett,2018-08-01,lhowett6g@state.tx.us,8 Grayhawk Court,903-463-4239
Hermia,Yeardsley,2018-03-10,hyeardsley6h@smugmug.com,8 Claremont Road,376-523-7870
Dorian,Conrard,2018-06-01,dconrard6i@wisc.edu,09770 Doe Crossing Drive,569-926-8933
Coralyn,Thick,2017-12-03,cthick6j@woothemes.com,635 Anhalt Terrace,526-685-4977
Bat,Boncoeur,2018-07-07,bboncoeur6k@fda.gov,8396 1st Place,494-171-9010
Chariot,Switzer,2018-03-03,cswitzer6l@comsenz.com,70 Alpine Center,301-341-5856
Devondra,Horrigan,2018-03-24,dhorrigan6m@delicious.com,171 Quincy Hill,779-977-9634
Gretta,Bakewell,2018-08-14,gbakewell6n@com.com,13313 Northview Crossing,809-787-0351
Kippie,Tiernan,2018-01-11,ktiernan6o@reference.com,2219 Anderson Way,580-937-2613
Paola,Chaize,2018-02-28,pchaize6p@blinklist.com,3 Ludington Hill,794-332-8533
Lorin,Tippett,2018-06-23,ltippett6q@soup.io,7 Jenna Junction,777-140-5410
Patrice,Vayne,2018-02-13,pvayne6r@unicef.org,2263 Ridgeway Circle,357-661-1639
Aeriela,Huntress,2018-01-01,ahuntress6s@bandcamp.com,3918 New Castle Street,681-729-2005
Nanny,Golightly,2018-04-19,ngolightly6t@artisteer.com,8 Grayhawk Trail,113-951-9551
Georgeanna,Carmont,2018-10-06,gcarmont6u@sohu.com,206 Columbus Circle,678-824-0860
Karlotta,Staten,2018-10-26,kstaten6v@elpais.com,32 Kings Crossing,476-733-5212
Erik,Le Claire,2018-03-13,eleclaire6w@drupal.org,89758 Service Trail,428-671-5418
Tait,Salzberger,2018-07-19,tsalzberger6x@nih.gov,480 Meadow Vale Park,656-470-4235
Thia,Clilverd,2018-10-12,tclilverd6y@ucsd.edu,192 Magdeline Court,585-568-0690
Aridatha,Ivashnikov,2017-11-23,aivashnikov6z@cbc.ca,0651 Melby Park,575-332-5758
Ira,Befroy,2018-10-20,ibefroy70@illinois.edu,32858 Elgar Pass,996-627-1125
Odetta,Tonks,2018-05-01,otonks71@youku.com,712 Spaight Hill,366-829-8909
Barton,Raulston,2017-12-20,braulston72@google.ru,3 Golden Leaf Hill,493-280-0742
Leland,Quested,2018-01-26,lquested73@people.com.cn,7 8th Plaza,306-202-1686
Olivier,Mace,2018-08-15,omace74@addtoany.com,45325 Brickson Park Crossing,370-253-3802
Jedediah,Fairlie,2018-02-09,jfairlie75@mail.ru,87 Hooker Road,854-842-9110
Bax,O'Reilly,2018-04-11,boreilly76@ycombinator.com,78319 Vernon Terrace,174-754-4191
Hymie,Gyurko,2018-03-06,hgyurko77@addtoany.com,81 4th Pass,598-722-9076
Tallie,Ceccoli,2018-09-30,tceccoli78@t-online.de,74420 Packers Junction,380-599-6128
Beckie,Lembrick,2018-04-05,blembrick79@desdev.cn,057 Pine View Center,984-862-2726
Vivianna,Ryott,2018-06-22,vryott7a@nih.gov,2 Hayes Place,130-219-9744
Obed,Dumbrall,2017-12-10,odumbrall7b@amazon.co.uk,52 Pawling Street,459-530-7891
Paloma,Darco,2018-09-29,pdarco7c@amazonaws.com,06991 Fair Oaks Plaza,260-819-2618
Kane,Limpkin,2018-02-07,klimpkin7d@issuu.com,00455 Wayridge Trail,721-413-5795
Ryan,Kissack,2018-09-30,rkissack7e@jigsy.com,71 1st Pass,649-271-9356
Shalne,Hasling,2018-10-14,shasling7f@wikimedia.org,14 Mitchell Center,953-445-2551
Alfy,Peverell,2018-09-04,apeverell7g@bbb.org,8056 Westport Crossing,896-550-2452
Wanda,Domel,2018-06-06,wdomel7h@google.pl,5539 Oneill Junction,237-663-9520
Odille,Mumbeson,2017-11-25,omumbeson7i@patch.com,763 Northland Point,585-735-6684
Roxie,Habershon,2017-12-15,rhabershon7j@huffingtonpost.com,6533 Fordem Pass,417-974-4529
Chaim,Duer,2018-11-01,cduer7k@psu.edu,4 Boyd Hill,883-757-7347
Adelle,Montilla,2017-12-24,amontilla7l@webeden.co.uk,33956 Lake View Terrace,289-138-4197
Shelley,Beeby,2018-08-03,sbeeby7m@earthlink.net,517 Columbus Place,171-922-7462
Isabel,Medler,2018-08-10,imedler7n@goodreads.com,35298 Basil Crossing,252-174-0098
Eduino,Eardley,2018-06-04,eeardley7o@alibaba.com,581 Myrtle Circle,195-873-7935
Coretta,Weth,2018-06-03,cweth7p@simplemachines.org,8 Huxley Hill,949-666-4515
Katine,Humerstone,2018-08-04,khumerstone7q@instagram.com,64140 School Pass,128-106-4432
Conrad,Hogben,2018-03-06,chogben7r@reverbnation.com,08 Monica Terrace,708-773-7019
Brittani,Hebard,2018-03-12,bhebard7s@statcounter.com,717 Meadow Ridge Lane,246-256-9000
Lea,Clamp,2017-12-24,lclamp7t@delicious.com,2166 Lyons Pass,346-204-8315
Bil,Bartod,2017-12-27,bbartod7u@redcross.org,83 Independence Hill,736-879-9708
Tull,Treeby,2018-08-03,ttreeby7v@nbcnews.com,94473 Northfield Center,751-447-1001
Thorn,Dunlap,2018-06-26,tdunlap7w@google.de,557 Forest Dale Court,434-948-5894
Erek,Digger,2018-08-22,edigger7x@tinyurl.com,0334 Hanover Pass,300-125-2141
Rubie,Shadrach,2018-03-19,rshadrach7y@github.io,920 Mitchell Park,162-712-8296
Elnar,Barras,2018-06-22,ebarras7z@wunderground.com,8540 Lakeland Road,941-635-2217
Forster,Meatyard,2018-04-06,fmeatyard80@chron.com,522 Atwood Court,361-417-0181
Kirbee,Reilly,2018-01-15,kreilly81@free.fr,63422 Dottie Center,831-930-0026
Xaviera,Bawle,2018-05-09,xbawle82@amazon.com,478 Main Street,110-714-9484
Marris,Monelle,2018-03-05,mmonelle83@quantcast.com,5 Vernon Point,695-705-1580
Robinette,Diggles,2018-05-13,rdiggles84@elpais.com,8323 Kingsford Park,488-819-6490
Sasha,Murrhaupt,2018-06-16,smurrhaupt85@nhs.uk,9493 Cottonwood Park,251-255-8408
Cherilyn,Dyment,2018-09-02,cdyment86@nyu.edu,5 Brickson Park Junction,176-654-1560
Rosalyn,Bragger,2017-12-30,rbragger87@newsvine.com,2 Westport Way,715-917-7080
Bobbie,Ruilton,2018-05-17,bruilton88@cargocollective.com,2 Del Sol Terrace,862-324-8996
Ardis,Cohalan,2018-08-08,acohalan89@goo.ne.jp,903 Reindahl Lane,321-298-3694
Batsheva,Tuckwell,2018-03-23,btuckwell8a@edublogs.org,53 Main Plaza,982-350-0717
Perice,Sporner,2018-10-17,psporner8b@mit.edu,9 Sauthoff Pass,797-774-7445
Graeme,Alenichev,2018-01-25,galenichev8c@cbsnews.com,4 Hansons Avenue,361-629-5352
Malva,Heaphy,2018-09-01,mheaphy8d@amazonaws.com,1916 Elka Plaza,989-630-7305
Phil,Braunlein,2018-05-10,pbraunlein8e@blogs.com,11202 Graceland Junction,375-503-7806
Vlad,Augustine,2017-11-25,vaugustine8f@macromedia.com,010 Huxley Junction,244-652-8038
Hagen,Klimczak,2018-08-31,hklimczak8g@bbc.co.uk,09 Lake View Lane,511-281-5847
Erika,Cavet,2017-12-07,ecavet8h@bluehost.com,722 Daystar Court,209-229-8989
Juditha,Spragg,2018-05-18,jspragg8i@examiner.com,2 Kim Street,997-782-5798
Herbie,Jeanin,2018-10-10,hjeanin8j@histats.com,03166 Mandrake Way,440-846-1652
Stephenie,Cartin,2018-07-27,scartin8k@icio.us,736 Melvin Plaza,763-854-9644
Pauletta,Mucklestone,2018-04-21,pmucklestone8l@cyberchimps.com,091 Golf Course Parkway,595-827-0622
Cherianne,Schwier,2018-01-06,cschwier8m@so-net.ne.jp,9964 Scoville Hill,694-371-3295
Ham,Johnigan,2018-08-15,hjohnigan8n@google.cn,1 Jenna Center,854-922-3032
Ilyse,Renachowski,2017-12-05,irenachowski8o@ihg.com,430 Pankratz Place,180-114-1968
Stan,Rosel,2018-10-14,srosel8p@theguardian.com,1398 Vahlen Terrace,458-450-9265
Gianni,Abendroth,2018-02-15,gabendroth8q@zdnet.com,28399 Commercial Crossing,404-777-4364
Seamus,Garlette,2018-02-01,sgarlette8r@ucoz.com,884 Scofield Park,242-106-1463
Jeddy,Seagrove,2017-12-07,jseagrove8s@who.int,35306 Fremont Terrace,683-113-7337
Steward,Infante,2018-01-16,sinfante8t@alibaba.com,56111 Superior Plaza,192-253-0748
Jude,Danilin,2018-03-15,jdanilin8u@cbc.ca,87 Westerfield Lane,937-595-2311
Murielle,Powys,2018-11-07,mpowys8v@4shared.com,6300 Cambridge Drive,940-536-5066
Susie,Hartropp,2018-07-30,shartropp8w@trellian.com,9841 Arkansas Crossing,614-148-3213
Gabie,Jansa,2017-11-15,gjansa8x@google.de,41 Kennedy Street,354-590-1761
Ely,Heaton,2018-06-16,eheaton8y@va.gov,942 Mallory Road,593-973-8207
Dyna,Poulter,2018-05-06,dpoulter8z@chicagotribune.com,47945 Russell Center,823-596-9213
Dean,Newsome,2017-12-15,dnewsome90@mtv.com,4523 Weeping Birch Place,687-820-2765
Charmion,Timson,2017-11-20,ctimson91@barnesandnoble.com,1 Scofield Center,436-799-9812
Lila,Sinderland,2018-04-16,lsinderland92@i2i.jp,99905 Little Fleur Plaza,286-325-1131
Theodora,Lovelady,2018-04-14,tlovelady93@umich.edu,9704 Debra Junction,794-283-3161
Jeanna,Cranmer,2017-12-23,jcranmer94@youku.com,285 Tennyson Avenue,516-483-4098
Bernardine,Naughton,2018-01-30,bnaughton95@admin.ch,6200 Evergreen Avenue,674-708-9354
Georgie,Fairleigh,2018-09-02,gfairleigh96@state.gov,23 Lighthouse Bay Trail,332-262-4060
Althea,Dowears,2017-12-25,adowears97@blinklist.com,4983 Bunker Hill Road,571-614-7456
Zebulon,Manueli,2017-12-15,zmanueli98@amazon.de,3 Lakeland Junction,394-419-5201
Neill,McCombe,2018-03-14,nmccombe99@wikimedia.org,9 Eagle Crest Road,827-741-4837
Adrea,Bretelle,2018-01-13,abretelle9a@earthlink.net,56492 Butternut Terrace,233-689-4484
Jermaine,Spurritt,2018-04-18,jspurritt9b@seesaa.net,3 Lakeland Alley,644-645-4429
Britta,Grimestone,2018-09-25,bgrimestone9c@google.it,557 Cody Hill,416-700-3610
Laraine,Orrell,2018-07-13,lorrell9d@pinterest.com,871 Dahle Avenue,647-340-6427
Tobit,Bellingham,2018-02-09,tbellingham9e@vkontakte.ru,33 Cottonwood Way,944-221-7267
Mufinella,Netley,2018-10-29,mnetley9f@pcworld.com,5 Acker Street,131-820-7391
Debera,O'Moylane,2018-04-27,domoylane9g@people.com.cn,13186 Kipling Trail,971-924-1907
Carly,Stickney,2018-11-09,cstickney9h@yandex.ru,8883 Mayer Center,337-378-2411
Nata,Giovannini,2018-06-15,ngiovannini9i@blogtalkradio.com,4 Dahle Alley,650-204-0422
Clara,Strelitzki,2017-11-25,cstrelitzki9j@mediafire.com,099 Chive Way,349-543-3363
Jeannine,Stading,2018-01-13,jstading9k@dropbox.com,5486 Helena Alley,606-614-7050
Maje,Lydster,2018-03-18,mlydster9l@issuu.com,0850 Portage Trail,117-113-9041
Ford,Le Marquand,2018-07-28,flemarquand9m@istockphoto.com,22194 Eastwood Crossing,610-856-2965
Trude,Eisig,2018-05-18,teisig9n@google.com,14 Moland Way,390-453-0715
Gwenneth,Jurisic,2017-12-07,gjurisic9o@yandex.ru,66 Namekagon Place,437-540-2417
Forester,De Ortega,2018-06-24,fdeortega9p@hibu.com,4 Crownhardt Court,753-267-9766
Carlene,Fancett,2018-03-21,cfancett9q@eepurl.com,0 Elka Junction,601-896-1944
Freda,McGibbon,2018-01-15,fmcgibbon9r@multiply.com,0 Lerdahl Drive,366-949-3104
Meredeth,Jellico,2018-03-11,mjellico9s@godaddy.com,8 Melrose Court,656-447-6501
Sherill,Aveyard,2018-05-29,saveyard9t@theguardian.com,4 Declaration Circle,665-573-6350
Benjie,Brunnen,2018-06-02,bbrunnen9u@icq.com,9 Truax Parkway,442-604-5750
Anitra,Pettet,2018-10-31,apettet9v@wsj.com,42 Bashford Drive,872-967-4956
Catriona,Borres,2017-12-29,cborres9w@hatena.ne.jp,02 Kinsman Street,244-319-8101
Kerrie,Mogg,2018-01-01,kmogg9x@meetup.com,83346 Carey Avenue,754-289-2246
Darryl,Petrolli,2018-08-05,dpetrolli9y@ifeng.com,115 Doe Crossing Hill,801-531-4960
Gregoor,Krook,2018-06-25,gkrook9z@topsy.com,3734 Declaration Circle,237-836-0210
Sally,MacGilpatrick,2017-11-25,smacgilpatricka0@sogou.com,31526 Sundown Hill,624-135-7852
Nanice,Lorenzo,2018-01-25,nlorenzoa1@ycombinator.com,03 Charing Cross Point,305-319-9493
Mira,Fallens,2018-03-29,mfallensa2@ovh.net,6982 Spohn Way,199-281-2676
Tabitha,Loudiane,2018-02-24,tloudianea3@i2i.jp,39633 Bashford Road,355-524-5082
Yasmeen,Overal,2017-12-07,yoverala4@bandcamp.com,63 Rutledge Road,852-843-3335
Natale,Scading,2017-12-06,nscadinga5@wikispaces.com,49 Maywood Court,469-134-5972
Dion,Dalligan,2018-04-09,ddalligana6@qq.com,8614 5th Crossing,633-205-4900
Trevor,Velareal,2018-02-24,tvelareala7@quantcast.com,219 Colorado Parkway,801-274-1714
Read,Feldstern,2018-08-05,rfeldsterna8@washingtonpost.com,3868 Farragut Junction,289-117-9736
Regine,Keatley,2018-07-18,rkeatleya9@de.vu,908 Sommers Avenue,306-682-0818
Bab,Fomichkin,2018-08-05,bfomichkinaa@foxnews.com,677 Stang Way,916-104-0783
Romola,Bryce,2018-04-15,rbryceab@vkontakte.ru,13 Rigney Crossing,269-281-8574
Tomasine,Ellingham,2018-06-15,tellinghamac@earthlink.net,350 Maywood Crossing,958-270-4981
Brynn,Widdowson,2018-06-10,bwiddowsonad@ft.com,57540 Graedel Place,874-346-6382
Ancell,Faithfull,2018-03-16,afaithfullae@arstechnica.com,70 Graceland Lane,905-119-9726
Rorke,Tulip,2018-02-22,rtulipaf@ftc.gov,153 Sauthoff Center,936-973-8025
Ahmad,Currey,2018-08-30,acurreyag@un.org,93476 Hoepker Street,204-437-5313
Gilemette,Staresmeare,2018-02-12,gstaresmeareah@scientificamerican.com,2 Havey Place,867-607-5037
Theo,Oakenfull,2018-05-06,toakenfullai@jugem.jp,8 Sunbrook Pass,203-489-6878
Melodie,Tilte,2017-12-07,mtilteaj@unblog.fr,17 Bartillon Drive,453-162-8764
Gertrudis,Andretti,2018-03-11,gandrettiak@europa.eu,9 Golden Leaf Plaza,855-155-5293
Wyn,Jellico,2018-07-17,wjellicoal@booking.com,4 Monica Parkway,555-194-7148
Rois,Vidler,2017-11-20,rvidleram@tamu.edu,24151 Carberry Point,917-941-2089
Donielle,Andres,2018-07-10,dandresan@surveymonkey.com,4 Kennedy Point,480-329-2851
Chrissy,Benford,2018-11-02,cbenfordao@prnewswire.com,954 Comanche Drive,630-726-8547
Prescott,Aitcheson,2018-05-05,paitchesonap@intel.com,39 Lerdahl Alley,440-704-5536
Antons,Helsdon,2018-09-02,ahelsdonaq@surveymonkey.com,63 Leroy Terrace,541-691-5239
Gav,Measor,2018-02-20,gmeasorar@bloomberg.com,353 Banding Parkway,401-953-0065
Cybill,Corr,2018-01-12,ccorras@homestead.com,53056 Mayer Alley,426-249-3191
Callie,Rohfsen,2017-12-03,crohfsenat@acquirethisname.com,8889 Dakota Place,525-225-8408
Freddie,Heffron,2018-06-12,fheffronau@sciencedirect.com,922 Ronald Regan Avenue,869-334-8719
Felicia,Fibbings,2018-04-10,ffibbingsav@wisc.edu,7194 Dottie Road,618-754-3746
Ewen,Milmith,2018-04-23,emilmithaw@xinhuanet.com,91 Parkside Way,587-125-1483
Gannon,Wintour,2018-03-15,gwintourax@google.com.hk,56 Shasta Terrace,168-216-6346
Layney,Caughan,2018-01-05,lcaughanay@ehow.com,50264 Boyd Parkway,628-927-3818
Joyous,Colmore,2018-04-30,jcolmoreaz@e-recht24.de,77 West Trail,719-434-3488
Munmro,McClinton,2018-04-11,mmcclintonb0@statcounter.com,569 Norway Maple Junction,967-727-7468
Konstantine,Phin,2018-03-19,kphinb1@cargocollective.com,3993 Anthes Trail,643-902-0154
Cassondra,Merton,2018-10-02,cmertonb2@mashable.com,04172 Warner Pass,178-707-3804
Jarret,Huelin,2018-07-04,jhuelinb3@seesaa.net,83676 Fuller Center,767-555-7341
Ardath,Marflitt,2018-10-30,amarflittb4@so-net.ne.jp,3 Stone Corner Street,539-315-9493
Sarge,Trasler,2018-04-11,straslerb5@gmpg.org,3 Talmadge Place,980-731-8964
Maryanna,Preshous,2018-07-16,mpreshousb6@freewebs.com,8147 Roth Lane,918-994-1469
Patience,Oxley,2017-12-06,poxleyb7@bbb.org,82793 Chive Parkway,918-315-1952
Quentin,Lyes,2018-03-12,qlyesb8@tumblr.com,9 Sage Drive,859-529-1726
Dinnie,Wathey,2018-07-01,dwatheyb9@house.gov,296 Prairie Rose Circle,493-113-7857
Merralee,Jedrzejczak,2018-05-19,mjedrzejczakba@businessweek.com,850 Service Street,888-906-6092
Cristian,McGuckin,2018-05-16,cmcguckinbb@webmd.com,61920 Vidon Crossing,866-468-7652
Eadith,O'Kenny,2018-10-07,eokennybc@pinterest.com,177 Huxley Way,497-271-7502
Celeste,Keward,2018-08-30,ckewardbd@linkedin.com,4 Beilfuss Pass,210-283-6350
Katti,Dittson,2018-03-27,kdittsonbe@slashdot.org,39 Mandrake Place,797-527-3427
Bern,Oattes,2018-08-11,boattesbf@java.com,858 Union Way,702-519-1409
Gweneth,Minogue,2018-01-18,gminoguebg@msn.com,0392 Thierer Road,677-382-1420
Patrica,Burleigh,2018-06-16,pburleighbh@bbb.org,0 Bluejay Parkway,467-509-7809
Jacinda,Franklyn,2018-09-28,jfranklynbi@bbc.co.uk,3641 Dexter Road,301-145-5323
Ginger,Giraudou,2018-10-08,ggiraudoubj@unc.edu,13 Mcguire Alley,464-888-4394
Libby,Lissett,2018-07-04,llissettbk@linkedin.com,0916 Loeprich Drive,362-475-3917
Sergei,Corstorphine,2018-08-14,scorstorphinebl@prweb.com,43 Victoria Parkway,910-851-2177
Elberta,Maidstone,2018-10-25,emaidstonebm@google.it,4112 Moulton Center,607-549-4759
Kenneth,Justice,2018-01-19,kjusticebn@myspace.com,4 Charing Cross Way,969-276-6430
Elroy,Galletly,2018-08-30,egalletlybo@imageshack.us,244 Dakota Point,377-597-9962
Giulio,Trolley,2018-03-23,gtrolleybp@reverbnation.com,331 Rieder Parkway,209-880-7840
Sherrie,Lemmer,2018-06-10,slemmerbq@prnewswire.com,65 Farwell Lane,985-168-1539
Lorrie,Dickerline,2018-04-25,ldickerlinebr@engadget.com,400 Thompson Junction,700-529-5606
Brandy,Babar,2018-10-01,bbabarbs@nbcnews.com,25056 Melby Plaza,812-862-4532
Dorelia,Meese,2018-05-19,dmeesebt@alexa.com,084 Summit Circle,759-200-4921
Hilly,Blodg,2018-03-16,hblodgbu@is.gd,87018 Rockefeller Alley,602-103-3437
Jodi,Howitt,2018-07-22,jhowittbv@ftc.gov,4073 Buhler Park,165-562-4343
Rinaldo,Orto,2018-02-16,rortobw@eepurl.com,56472 Pearson Trail,115-517-3914
Rickard,Dulwich,2018-06-14,rdulwichbx@si.edu,80 Prairie Rose Road,919-719-5463
Lib,Peppard,2018-03-02,lpeppardby@people.com.cn,0 Iowa Road,225-956-9001
Estevan,La Wille,2018-03-19,elawillebz@ifeng.com,47 Clyde Gallagher Hill,910-505-2111
Grannie,Trodden,2018-02-10,gtroddenc0@go.com,703 Vidon Lane,770-919-1312
Gwenny,Seggie,2018-05-05,gseggiec1@msn.com,25 Nova Parkway,828-625-7484
Torr,Gerault,2018-11-10,tgeraultc2@mysql.com,52086 Florence Trail,376-714-8622
Grange,Schottli,2018-07-19,gschottlic3@angelfire.com,8945 Gulseth Plaza,360-762-2980
Jennilee,Mougel,2018-03-19,jmougelc4@salon.com,0540 Bayside Trail,172-433-9283
Robb,Nobbs,2018-07-13,rnobbsc5@timesonline.co.uk,955 Dawn Hill,655-139-1375
Hammad,Ethelston,2018-04-09,hethelstonc6@eventbrite.com,4584 Commercial Lane,749-349-7737
Eddi,Franzetti,2017-12-20,efranzettic7@abc.net.au,09 Briar Crest Plaza,604-985-9744
Dorthy,Minucci,2018-10-08,dminuccic8@mysql.com,60724 Service Drive,345-691-8809
Eduard,Notley,2018-03-05,enotleyc9@myspace.com,0 Arapahoe Hill,851-493-5838
Elora,Troutbeck,2018-08-28,etroutbeckca@123-reg.co.uk,0 Logan Place,517-749-3324
Martainn,Archbutt,2018-05-09,marchbuttcb@oaic.gov.au,21973 Fairview Crossing,331-395-1471
Pat,Widdop,2018-05-27,pwiddopcc@ucsd.edu,20 Sachs Avenue,984-156-2364
Thalia,Gleader,2017-12-08,tgleadercd@go.com,60616 Hovde Point,671-983-5432
Lewiss,Birks,2018-11-02,lbirksce@salon.com,3065 Schiller Point,228-239-8844
Sarajane,Gromley,2018-11-05,sgromleycf@delicious.com,019 Drewry Terrace,781-598-2699
Page,Wickson,2018-03-20,pwicksoncg@hubpages.com,821 Westport Lane,335-901-6193
Carly,Pulham,2018-07-19,cpulhamch@theglobeandmail.com,93787 Texas Park,394-517-1371
Corilla,Clewett,2017-11-25,cclewettci@apple.com,05 Steensland Point,767-552-4064
Zaria,Szymanowicz,2018-01-08,zszymanowiczcj@wp.com,87030 Hooker Court,951-714-5301
Marion,Reef,2018-06-14,mreefck@upenn.edu,007 Clemons Avenue,189-384-6418
Prentice,Farrier,2017-11-17,pfarriercl@miibeian.gov.cn,0078 Hoffman Place,956-755-3532
Katine,Buckland,2018-05-04,kbucklandcm@moonfruit.com,78 Tomscot Pass,335-337-6743
Arliene,Lutzmann,2018-01-26,alutzmanncn@taobao.com,29 Stoughton Junction,929-499-6364
Arabelle,Lippi,2018-10-03,alippico@sbwire.com,2103 Mendota Trail,835-622-9819
Doreen,Chippendale,2018-11-01,dchippendalecp@mediafire.com,307 Welch Plaza,601-176-3904
Adrian,Ransome,2018-04-06,aransomecq@ucoz.ru,272 Hoard Hill,557-849-3490
Andie,Hellen,2018-02-06,ahellencr@squarespace.com,0 Bellgrove Plaza,937-337-0479
Hieronymus,Penticost,2017-11-29,hpenticostcs@cdbaby.com,69835 Reindahl Avenue,385-702-1592
Meridel,Dunbabin,2018-08-26,mdunbabinct@go.com,45499 Bultman Park,327-447-3196
Pieter,Cobb,2018-05-14,pcobbcu@cargocollective.com,92716 Division Terrace,696-349-5040
Daryn,Hinckley,2018-05-21,dhinckleycv@comcast.net,89 Sloan Center,963-376-8061
Darlleen,Yeld,2017-12-10,dyeldcw@japanpost.jp,6 Ridgeway Parkway,147-984-1973
Abbe,Novichenko,2018-07-30,anovichenkocx@ustream.tv,04424 Prairieview Place,413-986-0982
Madelon,Kearsley,2018-04-10,mkearsleycy@merriam-webster.com,89707 Dixon Way,374-604-4730
Raymund,Gingle,2017-11-22,rginglecz@yellowpages.com,4 Vera Lane,771-478-7916
Ardisj,Restill,2018-10-07,arestilld0@sfgate.com,758 Buena Vista Road,606-460-4734
Nolana,Neville,2018-05-10,nnevilled1@barnesandnoble.com,06221 Dorton Alley,528-147-1771
Minda,Sawell,2018-01-14,msawelld2@elegantthemes.com,70564 Fulton Terrace,455-329-7104
Rayna,Jeckells,2017-12-20,rjeckellsd3@google.co.uk,6841 Russell Alley,137-701-1521
Addy,Turvey,2018-08-22,aturveyd4@jiathis.com,3951 Kensington Lane,548-752-4075
Ricki,Wyllcocks,2018-02-02,rwyllcocksd5@uol.com.br,43696 Bellgrove Park,205-530-0242
Heinrick,Leggatt,2018-08-02,hleggattd6@virginia.edu,682 Marcy Pass,780-423-4924
Tabb,Jeayes,2018-07-16,tjeayesd7@dailymail.co.uk,524 Mariners Cove Trail,368-153-0632
Coleman,Michele,2017-12-11,cmicheled8@acquirethisname.com,853 Schiller Center,854-674-5347
Rosmunda,Webberley,2017-12-07,rwebberleyd9@google.pl,68018 Superior Trail,113-683-1243
Rice,Templeman,2018-10-14,rtemplemanda@hhs.gov,5311 Porter Place,232-968-7555
Harley,Gowing,2018-10-31,hgowingdb@homestead.com,82 Memorial Crossing,623-928-4856
Eartha,Nehlsen,2018-01-03,enehlsendc@dropbox.com,29904 Dryden Plaza,956-657-2332
Evelina,Antonovic,2018-01-19,eantonovicdd@youtu.be,4 Hudson Park,327-611-9818
Lena,Gorry,2018-01-21,lgorryde@wired.com,39 Lighthouse Bay Way,264-709-4615
Jody,Mirams,2017-12-10,jmiramsdf@ning.com,781 Towne Way,423-299-8475
Gweneth,Beadon,2017-12-28,gbeadondg@mail.ru,5 Jenna Court,137-474-9694
Dalenna,Hagston,2018-08-13,dhagstondh@youku.com,3003 Forest Drive,479-565-8784
Sauveur,Diem,2018-10-03,sdiemdi@cbsnews.com,55719 Melody Center,210-736-3539
Sasha,Synder,2018-06-28,ssynderdj@desdev.cn,5996 Pankratz Road,586-214-5187
Skyler,Lyven,2018-10-01,slyvendk@hao123.com,31438 Dwight Point,245-580-7669
Chalmers,Howey,2017-12-06,choweydl@chron.com,40596 Harbort Drive,764-324-9056
Cecelia,Braisby,2018-01-11,cbraisbydm@zimbio.com,33 Barnett Place,227-163-1665
Laureen,Toth,2018-06-17,ltothdn@github.com,7340 Katie Hill,621-473-2789
Kameko,Dabinett,2018-10-29,kdabinettdo@desdev.cn,5185 Victoria Court,532-409-1021
Connie,Cupitt,2017-12-30,ccupittdp@chicagotribune.com,03 Towne Circle,283-131-5205
Fleur,Birkby,2018-09-16,fbirkbydq@typepad.com,757 Rutledge Place,483-899-9790
Leticia,Pittford,2018-07-25,lpittforddr@flickr.com,01569 Charing Cross Court,305-493-3644
Belva,Fagg,2018-07-31,bfaggds@guardian.co.uk,0034 Roxbury Junction,426-129-3959
Balduin,Martinyuk,2018-04-24,bmartinyukdt@woothemes.com,5404 Mitchell Trail,522-771-0338
Willis,Zarfat,2018-10-04,wzarfatdu@macromedia.com,98360 Knutson Pass,420-398-3174
Shena,Habbal,2018-11-08,shabbaldv@disqus.com,39137 School Center,633-622-4791
Beaufort,Paolozzi,2018-07-06,bpaolozzidw@msu.edu,17317 Lunder Circle,790-114-4153
Griff,Killford,2018-03-17,gkillforddx@omniture.com,799 Mifflin Drive,834-720-1551
Whit,Burkett,2018-11-09,wburkettdy@photobucket.com,583 Bluejay Hill,532-127-7025
Gilbertine,Torel,2017-12-03,gtoreldz@hhs.gov,4807 Tennyson Center,145-187-2083
Clarette,Latchford,2018-10-07,clatchforde0@liveinternet.ru,15 Bayside Place,891-871-6219
Arnoldo,Salan,2018-07-30,asalane1@youku.com,5 American Ash Place,564-178-8170
Claudio,Huygens,2018-11-14,chuygense2@51.la,44624 Knutson Lane,827-944-0199
Rudolf,Ratcliffe,2018-06-15,rratcliffee3@trellian.com,77 Holmberg Alley,945-324-3283
Mary,Ricarde,2018-09-25,mricardee4@smh.com.au,365 Fordem Parkway,910-790-0057
Juditha,Barten,2018-06-08,jbartene5@hibu.com,32 Stuart Trail,320-786-9877
Collete,O'Downe,2017-11-26,codownee6@google.pl,5277 Sutherland Court,838-846-6702
Bonita,Girsch,2018-10-19,bgirsche7@imgur.com,1 Dahle Avenue,212-953-7173
Farra,Feckey,2017-11-17,ffeckeye8@google.nl,01 Del Sol Terrace,601-808-8928
Chaddy,Augustin,2018-11-09,caugustine9@google.co.uk,78 Talmadge Trail,227-998-4827
Bebe,Beig,2018-07-26,bbeigea@japanpost.jp,631 Morrow Circle,197-133-6967
Devina,Paz,2018-09-15,dpazeb@theguardian.com,68352 Hovde Avenue,567-594-4919
Rubina,Micco,2018-01-19,rmiccoec@cafepress.com,0247 Debs Court,100-139-7521
Clarke,Philot,2018-04-27,cphiloted@amazon.co.uk,98 Banding Parkway,871-523-0073
Kari,Franzolini,2018-06-10,kfranzoliniee@bloomberg.com,3 Lien Trail,994-542-2357
Tremaine,Havoc,2018-08-17,thavocef@msn.com,49 Kropf Avenue,318-939-3196
Candace,Schade,2018-10-10,cschadeeg@topsy.com,643 Schiller Hill,349-135-9576
Kendra,Dumsday,2018-09-23,kdumsdayeh@yahoo.co.jp,5458 Lighthouse Bay Street,352-976-0253
Sam,Cund,2018-07-11,scundei@example.com,23 Moulton Parkway,636-618-4310
Hobart,Ingles,2018-10-04,hinglesej@hostgator.com,08904 Northview Crossing,595-407-4617
Susi,Saill,2018-10-18,ssaillek@technorati.com,0 Canary Trail,945-866-7240
Kristos,Penburton,2018-02-09,kpenburtonel@ebay.com,53284 Forster Terrace,948-583-3410
Carl,Couttes,2018-07-05,ccouttesem@eventbrite.com,16984 Hayes Drive,313-557-7822
Imojean,Mor,2018-02-14,imoren@state.gov,812 Carberry Lane,598-363-7633
Delores,Haslock,2018-01-26,dhaslockeo@bizjournals.com,864 Moose Street,547-916-6164
Price,Galvan,2018-09-10,pgalvanep@irs.gov,5955 Shelley Road,727-342-9307
Jessie,Mustchin,2018-05-09,jmustchineq@cafepress.com,37139 Sheridan Circle,801-258-9851
Haleigh,Fayers,2017-12-31,hfayerser@clickbank.net,6987 Shelley Trail,694-230-1872
Dyan,Heinish,2018-06-13,dheinishes@ycombinator.com,2 Dixon Place,613-284-7687
Golda,Baron,2018-09-16,gbaronet@odnoklassniki.ru,143 Stephen Court,593-456-3094
Carena,Redemile,2018-05-25,credemileeu@cyberchimps.com,95106 Blackbird Trail,512-674-2562
Nadine,Burgon,2018-07-12,nburgonev@hibu.com,6 Towne Pass,191-903-7013
Melodie,Rimes,2018-03-12,mrimesew@istockphoto.com,8825 Green Ridge Circle,312-523-8023
Johna,Allcoat,2018-05-03,jallcoatex@wiley.com,6 Burning Wood Park,435-598-3736
Devland,Kaubisch,2018-10-13,dkaubischey@technorati.com,892 Lakeland Park,370-632-2962
Marie-jeanne,Potkins,2018-07-18,mpotkinsez@webs.com,0 Chinook Court,923-597-3968
Denver,Schimann,2018-06-30,dschimannf0@rakuten.co.jp,7 Arkansas Junction,625-657-7528
Chiquita,Winders,2018-08-21,cwindersf1@imageshack.us,50827 Portage Park,525-338-1136
Tessa,Ties,2017-11-24,ttiesf2@vk.com,908 Colorado Alley,551-785-0542
Gallagher,Ceely,2018-01-31,gceelyf3@newyorker.com,276 Jackson Alley,586-826-2076
Nevsa,Christene,2018-04-20,nchristenef4@admin.ch,1635 Elmside Park,145-602-7905
Witty,Maddison,2018-01-16,wmaddisonf5@google.co.jp,4 Vernon Lane,738-688-5673
Cyndi,Ibberson,2018-02-13,cibbersonf6@pagesperso-orange.fr,1258 Fulton Crossing,198-110-9681
Donni,De Caroli,2018-01-17,ddecarolif7@engadget.com,18619 Shelley Point,845-100-9735
Mauricio,McIlreavy,2018-02-27,mmcilreavyf8@weather.com,35626 John Wall Place,321-325-1070
Hector,Nand,2018-05-14,hnandf9@webmd.com,75 Spenser Road,238-936-6669
Julie,Crumpton,2018-02-02,jcrumptonfa@simplemachines.org,6 Susan Avenue,529-905-9928
Barret,Kybert,2018-05-29,bkybertfb@pcworld.com,7370 Commercial Center,340-488-5310
Ruthi,Alleyn,2018-03-29,ralleynfc@icio.us,918 Monterey Circle,279-930-0616
Sabina,Gay,2018-09-30,sgayfd@parallels.com,9003 American Ash Point,972-707-0425
Cornela,O'Day,2018-06-20,codayfe@privacy.gov.au,89343 Sheridan Alley,431-925-6052
Clarence,Sneath,2018-04-30,csneathff@yellowbook.com,8 Dawn Terrace,898-348-0970
Clifford,McDonell,2018-06-05,cmcdonellfg@arizona.edu,25 Ridgeview Center,904-440-8959
Cyndie,Walter,2018-04-25,cwalterfh@hp.com,0714 Schurz Hill,374-738-6120
Doe,Brunnstein,2018-01-06,dbrunnsteinfi@privacy.gov.au,5339 Carioca Trail,551-108-4850
Cassandry,Canadas,2018-09-10,ccanadasfj@unblog.fr,4 Shasta Avenue,781-815-4454
Lorraine,Arnaudon,2018-05-26,larnaudonfk@slideshare.net,7 Summit Terrace,369-899-7463
Franny,Pantin,2018-06-09,fpantinfl@paypal.com,9196 Colorado Alley,221-773-0433
Jeffie,Korneev,2018-10-17,jkorneevfm@zdnet.com,0485 Lerdahl Street,123-284-4773
Esta,Daintree,2018-04-12,edaintreefn@umich.edu,4938 Meadow Vale Way,154-755-4470
Wolfie,Kellard,2017-12-09,wkellardfo@seattletimes.com,1905 Donald Road,184-211-4078
Rad,Wolffers,2018-05-15,rwolffersfp@nationalgeographic.com,1 Village Green Road,403-265-6024
Rice,Dudgeon,2018-01-21,rdudgeonfq@reverbnation.com,555 Carey Alley,861-168-0542
Tildi,Colebrook,2018-01-11,tcolebrookfr@scientificamerican.com,4 Barby Parkway,587-432-5056
Leonora,Greenrde,2018-07-15,lgreenrdefs@myspace.com,45 Randy Alley,177-699-6888
Janot,Villar,2017-12-15,jvillarft@google.ca,082 Annamark Trail,563-493-0419
Matty,Jaegar,2018-06-07,mjaegarfu@e-recht24.de,92357 Jenna Trail,185-239-0347
Roshelle,Dumbar,2018-04-06,rdumbarfv@yolasite.com,782 Banding Park,431-693-8066
Eydie,Herries,2018-04-29,eherriesfw@zimbio.com,5971 Meadow Ridge Alley,558-312-1574
Constantine,Heimann,2018-07-25,cheimannfx@over-blog.com,58 Talmadge Center,508-223-1720
Meridith,Burburough,2017-12-24,mburburoughfy@newyorker.com,499 Lakeland Center,771-122-2142
Davina,Bomb,2018-03-08,dbombfz@tripadvisor.com,8855 Waubesa Center,786-284-4477
Emmy,Adriano,2018-10-12,eadrianog0@jigsy.com,5 Blackbird Plaza,314-965-5170
Kessia,Putland,2018-07-03,kputlandg1@geocities.com,7 Delladonna Terrace,329-752-8014
Dyanne,Chatwood,2017-11-20,dchatwoodg2@1und1.de,55008 Waywood Lane,188-769-1399
Rockie,Savage,2018-02-26,rsavageg3@indiatimes.com,0689 Florence Avenue,330-814-2900
Roby,Ellerby,2018-03-27,rellerbyg4@ycombinator.com,60 Hansons Avenue,845-391-9019
Allayne,Marjoribanks,2018-02-17,amarjoribanksg5@aboutads.info,9973 Eagle Crest Point,622-152-8725
Tiffy,Hegdonne,2018-08-28,thegdonneg6@auda.org.au,039 International Junction,754-547-8182
Evangelin,Passingham,2018-11-03,epassinghamg7@hud.gov,235 Everett Drive,417-716-1156
Dulcia,Nerheny,2018-02-21,dnerhenyg8@t.co,3936 Kropf Avenue,192-294-1224
Clerc,Ratlee,2017-12-19,cratleeg9@ucoz.com,9 Starling Court,103-939-4221
Marty,Farrer,2018-11-02,mfarrerga@wsj.com,2 Farmco Hill,717-271-4833
Briana,Bathurst,2018-02-15,bbathurstgb@youtube.com,5692 Maryland Way,369-288-8658
Burgess,Titmus,2018-09-09,btitmusgc@storify.com,15 Clarendon Parkway,961-580-1639
Allix,MacCarlich,2018-07-03,amaccarlichgd@technorati.com,35815 Cordelia Way,143-698-5738
Donetta,Warrick,2018-05-09,dwarrickge@1688.com,4213 Ilene Way,340-133-4308
Winnifred,Gregh,2018-07-21,wgreghgf@chicagotribune.com,4299 Karstens Street,843-557-4365
Kristopher,Kale,2017-12-29,kkalegg@ebay.co.uk,85168 Colorado Way,993-532-3775
Yvor,Kilgallen,2018-02-16,ykilgallengh@marketwatch.com,0010 Katie Place,583-328-7510
Marcille,Gilcrist,2018-01-21,mgilcristgi@cargocollective.com,7 Buhler Plaza,628-500-1116
Bettine,Figurski,2018-07-29,bfigurskigj@php.net,819 Pond Junction,236-687-0655
Hadley,Cranmor,2017-12-02,hcranmorgk@wix.com,28 Clove Point,530-812-5434
Obediah,Ruse,2018-11-04,orusegl@tiny.cc,62 Porter Lane,410-401-7447
Jarrod,Dales,2018-09-24,jdalesgm@plala.or.jp,9 Heath Court,854-549-1548
Andi,Yushkin,2018-01-05,ayushkingn@stumbleupon.com,1 Bay Road,486-866-6112
Kala,Akerman,2018-10-29,kakermango@sitemeter.com,6724 Cascade Avenue,269-648-9502
Brant,Derkes,2017-11-21,bderkesgp@yale.edu,739 Merchant Center,637-503-9606
Cathee,Laurand,2018-05-29,claurandgq@delicious.com,73464 Fallview Junction,219-881-4254
Malissia,Faulconbridge,2017-12-28,mfaulconbridgegr@google.pl,5 Laurel Parkway,931-201-2639
Bobbie,Stitt,2018-05-02,bstittgs@bloglines.com,2 Jenna Way,724-185-1532
Ave,Alkin,2018-08-06,aalkingt@mashable.com,9 Hagan Terrace,525-226-2452
Sandye,Rowlin,2018-11-01,srowlingu@go.com,310 Dennis Circle,248-728-3328
Bathsheba,Father,2017-11-16,bfathergv@google.fr,5 Rieder Place,132-776-7289
Eada,Stidson,2018-07-31,estidsongw@hibu.com,12099 Atwood Place,760-701-0669
Myca,Gilleon,2018-04-20,mgilleongx@globo.com,5510 Karstens Drive,791-170-7863
Bertie,Dockerty,2018-08-25,bdockertygy@slate.com,05 Dunning Court,756-865-7488
Nixie,Insole,2018-09-01,ninsolegz@tripadvisor.com,61 Messerschmidt Terrace,218-119-3399
Rolf,Norcott,2018-03-23,rnorcotth0@buzzfeed.com,64885 Forest Dale Parkway,869-493-2833
Zorana,Trewhela,2017-12-08,ztrewhelah1@ucoz.com,6 Moose Plaza,745-775-8764
Modestine,Bezzant,2018-01-26,mbezzanth2@washington.edu,8845 Raven Place,613-514-9617
Hubert,Lynett,2018-01-09,hlynetth3@usnews.com,41867 Rockefeller Avenue,817-284-2348
Monique,Bruton,2018-02-23,mbrutonh4@alibaba.com,98260 Holmberg Terrace,666-881-9192
Holly,Lente,2017-11-17,hlenteh5@unicef.org,66780 Dayton Avenue,652-417-4211
Libbi,Challenor,2018-08-02,lchallenorh6@dell.com,85 Montana Center,996-802-1565
Othilia,Errowe,2018-02-23,oerroweh7@woothemes.com,89 Calypso Drive,989-507-7004
Robinette,Floweth,2018-08-24,rflowethh8@tinyurl.com,106 Dwight Parkway,269-618-6830
Prentiss,Busek,2017-11-30,pbusekh9@buzzfeed.com,9 Grayhawk Lane,443-440-6171
Jemmie,Joddins,2017-11-19,jjoddinsha@1und1.de,7 Boyd Court,891-373-6328
Ragnar,Baraja,2018-07-11,rbarajahb@amazon.de,0140 Di Loreto Center,501-662-7128
Brigitta,Brunning,2018-01-14,bbrunninghc@hibu.com,22178 Riverside Circle,563-382-4524
Norine,de Savery,2018-01-01,ndesaveryhd@patch.com,21 Saint Paul Road,890-251-5785
Orbadiah,Vase,2018-03-05,ovasehe@photobucket.com,2829 Pennsylvania Way,312-976-3435
Harriette,Fries,2018-07-19,hfrieshf@nydailynews.com,5 Kedzie Avenue,172-913-0693
Kori,Salterne,2018-09-12,ksalternehg@examiner.com,79405 Mcguire Drive,582-904-8540
Karl,Hurring,2018-07-15,khurringhh@bing.com,4 Ridgeway Hill,118-820-5536
Ashton,Matterson,2018-06-18,amattersonhi@foxnews.com,51725 Kinsman Court,773-866-7161
Breanne,Grishukhin,2018-01-02,bgrishukhinhj@salon.com,373 8th Hill,517-422-9669
Mirabella,Mottershaw,2018-03-10,mmottershawhk@admin.ch,3195 Merry Court,791-458-2140
Pasquale,Jaze,2018-09-20,pjazehl@foxnews.com,8 Center Place,628-674-3444
Andreas,Bole,2018-06-01,abolehm@prlog.org,15122 Riverside Drive,355-628-3519
Petronia,Mackelworth,2018-07-10,pmackelworthhn@senate.gov,91166 Dennis Way,119-218-8979
Helga,Crother,2018-06-22,hcrotherho@google.ru,515 Loftsgordon Parkway,842-113-0543
Decca,Cokayne,2018-07-27,dcokaynehp@issuu.com,56 Twin Pines Park,348-547-1647
Garth,Lowden,2018-08-06,glowdenhq@shareasale.com,4233 Transport Court,562-642-0203
Lucho,Cator,2018-04-07,lcatorhr@prnewswire.com,58180 Crowley Plaza,556-224-7449
Yule,Wesley,2018-07-21,ywesleyhs@soundcloud.com,9406 Monument Park,828-194-0464
Meredith,Giacomuzzi,2018-03-06,mgiacomuzziht@imdb.com,7957 Namekagon Avenue,153-190-5864
Adoree,Hawkridge,2018-06-15,ahawkridgehu@narod.ru,6 Sunnyside Court,332-696-4257
Brose,Leyburn,2018-06-17,bleyburnhv@noaa.gov,1 Lien Junction,628-531-9330
Gae,Gatley,2018-10-22,ggatleyhw@nih.gov,13 Esker Pass,519-772-2057
Archibaldo,Akerman,2018-02-12,aakermanhx@dagondesign.com,6 Reindahl Point,256-379-5110
Kordula,Dryburgh,2017-11-27,kdryburghhy@people.com.cn,71830 Melrose Drive,497-142-6950
Rafa,Gristhwaite,2018-07-11,rgristhwaitehz@yahoo.com,29958 Messerschmidt Way,502-335-9382
Ede,De Courtney,2018-11-13,edecourtneyi0@psu.edu,4 Southridge Place,833-420-2333
Richmond,De Gowe,2018-05-22,rdegowei1@pen.io,07062 Kinsman Drive,969-475-1218
Nickolaus,Breeds,2017-12-30,nbreedsi2@google.ru,979 Division Park,918-451-5560
Fowler,McKennan,2018-04-15,fmckennani3@sphinn.com,5 Clove Place,220-538-2619
Jacquenetta,Andrysek,2018-06-29,jandryseki4@last.fm,6 Bay Plaza,190-360-3425
Emeline,Epperson,2018-10-11,eeppersoni5@about.me,01627 Oxford Crossing,147-377-0801
Kirsteni,Giorgetti,2018-01-16,kgiorgettii6@nydailynews.com,9 Acker Street,196-184-5202
Vincents,Couldwell,2018-10-28,vcouldwelli7@vistaprint.com,34 Crownhardt Drive,196-114-3388
Vassily,Castleman,2018-03-17,vcastlemani8@uol.com.br,13 Spohn Street,947-780-2954
Zechariah,Vasse,2018-07-15,zvassei9@skype.com,0 Granby Hill,962-310-0784
Thorin,Tuffell,2018-11-08,ttuffellia@ifeng.com,9884 Cordelia Junction,797-902-2310
Peg,Grabham,2018-07-03,pgrabhamib@ucoz.com,787 Cordelia Pass,789-870-5705
Jaynell,Brazur,2018-10-11,jbrazuric@craigslist.org,0 Everett Parkway,944-588-5536
Claire,Trippitt,2018-08-09,ctrippittid@comcast.net,551 Little Fleur Circle,250-567-0970
Margie,Airs,2018-09-20,mairsie@plala.or.jp,3250 Monument Crossing,132-853-6025
Lucretia,Stell,2018-01-22,lstellif@geocities.jp,283 Russell Parkway,669-845-1869
Oates,Ertel,2017-11-17,oertelig@w3.org,6 Victoria Pass,401-145-7915
Kele,Schuchmacher,2018-07-02,kschuchmacherih@wix.com,4154 Trailsway Alley,266-576-0427
Cchaddie,Tran,2018-09-17,ctranii@google.de,68840 Fair Oaks Center,594-869-5602
Ralina,Dymoke,2018-09-13,rdymokeij@nytimes.com,43 Farragut Park,819-849-6733
Mellisa,Alvey,2018-10-29,malveyik@live.com,84688 Norway Maple Alley,621-205-9219
Thurstan,Noads,2018-10-11,tnoadsil@usgs.gov,42 Kennedy Pass,859-893-5474
Rochester,Elsmere,2018-08-20,relsmereim@technorati.com,5 Hanson Road,309-511-6940
Lethia,Okenden,2018-08-03,lokendenin@paypal.com,18 Vernon Street,554-807-6087
Baillie,MacGillespie,2018-10-18,bmacgillespieio@miitbeian.gov.cn,837 Tennessee Road,772-584-3101
Jessamyn,Charker,2017-12-15,jcharkerip@europa.eu,60571 Garrison Junction,274-517-9211
Georgeanne,Dudenie,2018-03-11,gdudenieiq@irs.gov,1 Packers Park,560-308-2124
Olympia,Reggiani,2018-10-30,oreggianiir@vistaprint.com,4 Mifflin Court,315-798-9286
Jeffy,Bockman,2018-04-15,jbockmanis@google.de,71991 Holmberg Pass,410-233-6534
Gottfried,Simmers,2017-12-13,gsimmersit@nhs.uk,846 Lakewood Road,698-324-2890
Thibaut,Huddles,2018-01-01,thuddlesiu@yahoo.com,5 Main Terrace,715-421-4498
Roch,Crockford,2017-12-27,rcrockfordiv@1688.com,2 Gale Terrace,526-573-2231
Sheilakathryn,Gilson,2018-01-29,sgilsoniw@github.io,566 Walton Court,920-570-3548
Brittan,Davidovics,2017-12-26,bdavidovicsix@elpais.com,51163 Sutteridge Lane,835-544-1900
Eustacia,Braley,2018-02-04,ebraleyiy@dion.ne.jp,3539 Daystar Place,161-344-2068
Gaylor,Jenne,2018-04-22,gjenneiz@unicef.org,04016 Jenna Trail,633-869-6329
Morly,Klimontovich,2017-12-12,mklimontovichj0@sakura.ne.jp,547 Jana Place,957-977-1302
Roldan,Beine,2018-07-14,rbeinej1@washington.edu,4 Thackeray Alley,717-152-4747
Carlynn,Fairleigh,2017-12-17,cfairleighj2@patch.com,6 Kingsford Avenue,640-947-7629
Chloette,Scarth,2018-07-22,cscarthj3@toplist.cz,975 Forest Court,149-522-1991
Karlene,Ondrich,2018-04-14,kondrichj4@blog.com,841 South Crossing,395-781-4418
Elnore,Wakeham,2018-02-26,ewakehamj5@omniture.com,506 Michigan Parkway,239-847-0464
Abdul,Dalby,2017-12-25,adalbyj6@github.com,41 Corben Junction,463-882-5495
Rich,Galler,2017-11-29,rgallerj7@1und1.de,88961 Namekagon Drive,537-447-5552
Cacilie,Ollett,2017-11-24,collettj8@barnesandnoble.com,93 Melrose Hill,359-270-6073
Lurlene,Goranov,2018-10-09,lgoranovj9@t.co,988 Fulton Place,327-483-0799
Heriberto,Osment,2018-07-02,hosmentja@smh.com.au,5048 Clemons Lane,520-838-9470
Merrill,Newcombe,2018-03-27,mnewcombejb@about.me,7229 Starling Court,775-394-9497
Julee,Sprionghall,2017-12-21,jsprionghalljc@deviantart.com,1 Sunfield Park,583-887-6723
Bax,Soars,2017-11-21,bsoarsjd@cafepress.com,4 Carioca Crossing,699-539-8651
Kelly,Rucklesse,2018-01-13,krucklesseje@ning.com,58 Stoughton Way,141-559-5202
Korey,Peotz,2017-12-26,kpeotzjf@yahoo.com,46286 Ramsey Way,629-224-1004
Sybil,Griffe,2018-07-06,sgriffejg@vinaora.com,6308 Monterey Avenue,243-888-8180
Preston,Forsythe,2018-05-18,pforsythejh@gov.uk,78 Columbus Drive,812-599-1597
Shaun,Neilands,2018-07-15,sneilandsji@deviantart.com,95 Vahlen Terrace,649-949-1994
Roman,Speake,2018-04-21,rspeakejj@friendfeed.com,56365 Farwell Hill,173-294-8660
Marietta,Mundie,2018-04-23,mmundiejk@hatena.ne.jp,467 Hanover Trail,578-933-6962
Tedman,Confort,2017-12-17,tconfortjl@java.com,2080 Arkansas Court,420-523-1407
Vaughn,Bullock,2018-01-12,vbullockjm@state.tx.us,4115 Golf Way,174-934-7837
Aileen,Wrigley,2018-08-07,awrigleyjn@cdbaby.com,7283 Vera Road,392-823-8363
Noelyn,Sibley,2018-09-07,nsibleyjo@fc2.com,3 Bunker Hill Road,439-627-6704
Renee,Brevitt,2018-06-27,rbrevittjp@1688.com,450 Nevada Place,501-129-3038
Farand,Keddle,2018-07-18,fkeddlejq@geocities.com,36924 Dakota Circle,337-110-0326
Aldo,Killock,2018-02-08,akillockjr@studiopress.com,2 Fieldstone Place,737-925-3576
Yuri,Gecks,2018-04-19,ygecksjs@merriam-webster.com,6 Farragut Park,791-942-8532
Lizbeth,Tackett,2018-06-22,ltackettjt@twitter.com,44 Bay Alley,972-537-8949
Noelle,Sodory,2018-05-08,nsodoryju@rambler.ru,9 Kedzie Terrace,408-833-6226
Leone,Youens,2017-11-28,lyouensjv@washington.edu,5 Little Fleur Avenue,501-583-0762
Marieann,Low,2018-09-08,mlowjw@usda.gov,48 Drewry Road,450-854-2851
Alvie,O' Neligan,2018-01-17,aoneliganjx@bloglines.com,06 Nova Circle,413-318-0444
Trula,Rosenkrantz,2018-09-27,trosenkrantzjy@cpanel.net,7733 Anhalt Plaza,678-245-2165
Kassey,Need,2018-09-26,kneedjz@gizmodo.com,3897 Loeprich Plaza,850-956-0958
Paulette,Dobrowolski,2018-08-15,pdobrowolskik0@free.fr,441 Memorial Plaza,486-646-3368
Laurianne,Sieve,2017-12-20,lsievek1@reverbnation.com,4 Little Fleur Drive,513-938-3480
Wake,Sibbson,2018-06-16,wsibbsonk2@blogspot.com,948 Hauk Street,167-805-0802
Charla,Morando,2018-04-15,cmorandok3@usda.gov,49924 Ilene Lane,737-196-7815
Alene,Raubenheimers,2018-01-17,araubenheimersk4@reddit.com,32 Steensland Court,250-582-1951
Findley,Fewkes,2018-09-12,ffewkesk5@google.it,106 Anthes Junction,603-152-5897
Livvie,Fenne,2018-05-24,lfennek6@patch.com,4427 Petterle Street,614-502-8112
Andros,Riehm,2018-06-08,ariehmk7@opensource.org,7 Amoth Street,540-314-9896
Oliy,Bedinn,2018-06-14,obedinnk8@ning.com,3912 Transport Street,441-639-5457
Jocko,Whitnall,2018-10-01,jwhitnallk9@uiuc.edu,38110 Sunfield Point,523-834-6691
Jody,Neate,2018-03-07,jneateka@amazon.co.uk,181 Sunbrook Point,943-260-2123
Janie,Plester,2018-04-23,jplesterkb@spiegel.de,1 Anhalt Alley,706-215-3422
Katee,Euesden,2018-04-02,keuesdenkc@privacy.gov.au,4 Scoville Court,772-711-6260
Shermie,Chazier,2018-08-22,schazierkd@delicious.com,3084 Morrow Park,912-753-2518
Hallie,Ostler,2018-01-04,hostlerke@angelfire.com,43 Hansons Pass,859-941-3510
Coletta,Gawthrop,2018-01-01,cgawthropkf@nature.com,38 Lakeland Road,675-887-3987
Spencer,Giacometti,2018-10-23,sgiacomettikg@hatena.ne.jp,754 Almo Terrace,626-190-6428
Camala,McIlherran,2018-07-09,cmcilherrankh@shop-pro.jp,3 Myrtle Hill,871-652-7210
Timmy,Dalgety,2018-02-01,tdalgetyki@fc2.com,4966 Arkansas Parkway,225-920-7442
Keene,Petriello,2018-01-25,kpetriellokj@pbs.org,4671 Memorial Junction,420-881-0091
Kathrine,Muckle,2018-01-10,kmucklekk@blogs.com,404 Vera Junction,687-587-8521
Filbert,Hazlehurst,2018-07-31,fhazlehurstkl@bigcartel.com,0 Mandrake Pass,285-173-1170
Bambie,Georgescu,2018-04-08,bgeorgescukm@tmall.com,24 Summit Center,348-241-8164
Casar,Carrell,2018-03-28,ccarrellkn@cyberchimps.com,74206 Fairfield Avenue,204-257-9163
Melissa,Paybody,2018-11-02,mpaybodyko@army.mil,0843 Hoffman Pass,908-357-5171
Iggy,Saltsberg,2018-07-29,isaltsbergkp@list-manage.com,84 Delaware Way,103-951-1883
Emmy,Guinness,2017-12-29,eguinnesskq@geocities.com,91 Grasskamp Hill,316-645-3288
Donalt,Deignan,2018-01-09,ddeignankr@reference.com,100 Raven Center,884-683-7221
Darnell,Raye,2018-01-27,drayeks@mapquest.com,3462 Montana Point,636-360-6518
Anya,Tanner,2018-03-05,atannerkt@github.com,9841 Algoma Plaza,115-382-9514
Steffen,Weall,2017-12-28,sweallku@wired.com,46038 Butterfield Plaza,154-501-3918
Stillmann,Barlass,2018-01-10,sbarlasskv@unesco.org,19 Shelley Street,731-787-9724
Abbe,Deakins,2018-01-29,adeakinskw@oaic.gov.au,62 Sunbrook Parkway,428-749-6743
Joline,Yerlett,2017-11-16,jyerlettkx@smh.com.au,5 Farmco Street,787-760-6494
Melonie,McClenan,2018-05-24,mmcclenanky@umich.edu,73 Ronald Regan Park,209-179-1451
Ida,Attawell,2018-01-24,iattawellkz@etsy.com,1497 Sherman Place,437-735-6759
Alice,Hearthfield,2018-05-20,ahearthfieldl0@ovh.net,7 Oriole Crossing,354-936-7238
Nonna,MacPike,2017-12-17,nmacpikel1@bizjournals.com,01348 Northridge Place,911-891-4799
Kaine,Tomasz,2018-05-21,ktomaszl2@oracle.com,78 Dayton Lane,325-431-6893
Sabina,Francey,2018-01-29,sfranceyl3@scientificamerican.com,824 Monument Point,212-470-0503
Delcina,Crossan,2018-10-12,dcrossanl4@howstuffworks.com,16 Claremont Place,482-145-6571
Nancee,Lehrian,2018-05-25,nlehrianl5@github.io,2639 Logan Parkway,211-572-9213
Kristy,Redwall,2018-06-13,kredwalll6@google.ca,42 Morning Plaza,666-717-4539
Van,Aggis,2018-08-09,vaggisl7@blinklist.com,190 Esch Way,352-900-2186
Adoree,Schankel,2018-04-27,aschankell8@discuz.net,049 Rigney Court,869-754-6180
Zolly,Brickdale,2018-02-04,zbrickdalel9@epa.gov,927 Division Plaza,940-928-3899
Giles,Shillabeare,2018-04-15,gshillabearela@scientificamerican.com,8 Superior Crossing,379-350-4085
Garvin,Phateplace,2018-08-15,gphateplacelb@gizmodo.com,84725 Stuart Drive,143-675-2826
Xylina,Richter,2018-03-08,xrichterlc@wisc.edu,7 Myrtle Place,776-338-1557
Seumas,McIlraith,2017-12-08,smcilraithld@istockphoto.com,62 Mallard Parkway,490-788-8531
Carrie,Syres,2018-01-22,csyresle@statcounter.com,4231 Logan Avenue,221-388-5261
Caren,Dibbs,2018-07-12,cdibbslf@mit.edu,2075 Algoma Junction,680-684-0277
Rodrigo,Brimmicombe,2018-04-08,rbrimmicombelg@google.pl,0 Clyde Gallagher Trail,490-709-7523
Sidonia,Dobing,2017-11-22,sdobinglh@phoca.cz,483 Carpenter Hill,745-311-1020
Aldo,Cassley,2018-11-14,acassleyli@hc360.com,943 Scofield Terrace,815-757-3498
Gawen,Fedder,2018-11-05,gfedderlj@thetimes.co.uk,49110 Sunfield Terrace,591-601-7777
Nye,Alsina,2018-08-18,nalsinalk@altervista.org,41742 Corry Center,132-985-5058
Evelin,Lowthian,2018-07-30,elowthianll@unicef.org,88 Havey Avenue,470-761-8163
Margaretta,Knights,2018-10-08,mknightslm@mit.edu,0 East Alley,766-925-3156
Bat,Artis,2018-01-19,bartisln@vimeo.com,767 Waubesa Drive,391-467-2244
Lois,Kivits,2017-11-24,lkivitslo@hao123.com,58419 Cody Circle,349-500-3540
Hortensia,Reddie,2018-02-18,hreddielp@businesswire.com,912 Dayton Court,993-427-5586
Brendon,Gaish,2018-01-14,bgaishlq@google.it,9 Chinook Avenue,645-706-6397
Aubine,Fomichyov,2018-02-24,afomichyovlr@php.net,17 Westend Pass,487-508-4373
Tiebout,Tousey,2017-11-23,ttouseyls@microsoft.com,1 Forster Plaza,571-819-6736
Roz,Stickles,2018-11-06,rstickleslt@spotify.com,11 Dexter Alley,233-602-5330
Emily,Rodmell,2018-08-25,erodmelllu@reverbnation.com,880 Waubesa Junction,220-511-3736
Artemas,Roadnight,2018-09-23,aroadnightlv@elegantthemes.com,078 Weeping Birch Road,672-353-7768
Nertie,Nuth,2018-09-03,nnuthlw@blogs.com,58638 Hovde Hill,104-180-9598
Rochelle,Sulman,2018-02-16,rsulmanlx@reference.com,6 Norway Maple Junction,680-718-7022
Charisse,Boreham,2018-05-01,cborehamly@sfgate.com,8 Green Ridge Crossing,673-175-4507
Noby,Kirkbride,2018-01-30,nkirkbridelz@people.com.cn,4 Fisk Lane,303-190-8361
Ellary,Amies,2018-01-19,eamiesm0@jiathis.com,27130 Transport Crossing,762-460-7900
Clarette,Garrold,2018-10-13,cgarroldm1@sakura.ne.jp,3229 Riverside Terrace,906-910-3130
Johann,Skittreal,2018-04-18,jskittrealm2@disqus.com,07962 Bartillon Parkway,953-975-3213
Richart,Vasenin,2018-10-05,rvaseninm3@over-blog.com,0 Fair Oaks Point,449-104-9207
Wrennie,Dunn,2018-09-20,wdunnm4@quantcast.com,46883 Kensington Junction,660-982-8856
Melodie,Blazevic,2018-07-20,mblazevicm5@independent.co.uk,437 Bayside Terrace,450-641-7557
Wenda,Feake,2018-08-29,wfeakem6@dailymotion.com,277 Homewood Way,156-930-7328
Colleen,Cogger,2018-11-08,ccoggerm7@ucla.edu,31 Mccormick Avenue,487-548-4532
Cchaddie,Rendbaek,2018-03-21,crendbaekm8@hostgator.com,85588 Mccormick Park,777-435-0132
Dale,Curnokk,2018-05-03,dcurnokkm9@columbia.edu,8229 Dayton Lane,385-656-2135
Thea,Dutnall,2017-11-22,tdutnallma@ox.ac.uk,13200 Prairieview Center,209-532-6672
Elston,Rosenkrantz,2018-09-19,erosenkrantzmb@hhs.gov,930 Debs Center,600-565-1589
Nikolaos,Kenny,2018-06-03,nkennymc@163.com,49545 Marquette Plaza,728-997-7229
Tamarra,Belliveau,2018-05-11,tbelliveaumd@tiny.cc,15344 Barby Terrace,543-869-7536
Flemming,Rickcord,2018-04-30,frickcordme@cbc.ca,9677 Everett Road,578-805-9638
Gannon,Philpin,2018-04-24,gphilpinmf@wiley.com,2390 Arizona Circle,593-322-6070
Charin,Dome,2018-09-20,cdomemg@bloglines.com,70 Ridgeview Alley,811-166-0006
Sela,Cashley,2018-09-09,scashleymh@google.it,5900 Anhalt Court,876-482-6941
Lionel,Kinkaid,2018-09-16,lkinkaidmi@upenn.edu,61968 Vernon Parkway,969-675-3394
Doll,Bonin,2018-05-01,dboninmj@lulu.com,5 Pond Park,871-875-7085
Marve,Giles,2018-06-13,mgilesmk@typepad.com,02074 Crescent Oaks Lane,164-482-6313
Kate,Utteridge,2018-03-02,kutteridgeml@alexa.com,007 Loftsgordon Hill,323-916-2457
Petunia,Broadberry,2018-01-15,pbroadberrymm@360.cn,909 Luster Court,464-841-8845
Daisie,Sockell,2017-11-23,dsockellmn@networksolutions.com,6517 Scott Parkway,874-946-5142
Lindie,Longmaid,2018-05-04,llongmaidmo@yelp.com,12945 Rutledge Alley,189-941-6600
Celle,Cowsby,2018-01-08,ccowsbymp@wikimedia.org,24058 Comanche Trail,222-255-6899
Valerie,Jablonski,2017-12-15,vjablonskimq@discuz.net,8 Pearson Court,597-795-2125
Mela,Pickavant,2018-08-21,mpickavantmr@lycos.com,75 Barnett Crossing,613-535-7596
Conny,Gribben,2018-05-25,cgribbenms@shutterfly.com,9947 International Court,266-284-6013
Lissi,Bleckly,2018-03-14,lblecklymt@upenn.edu,91 Fairview Road,765-326-8156
Kattie,Rubel,2018-05-18,krubelmu@desdev.cn,18 Barnett Lane,288-478-8915
Salomon,Ivanets,2018-04-09,sivanetsmv@vimeo.com,5 Browning Point,330-468-8289
Rebe,Seekings,2018-01-30,rseekingsmw@soup.io,821 Longview Alley,246-528-8580
Ronny,Marion,2017-12-31,rmarionmx@wikispaces.com,7389 Stoughton Junction,749-720-2841
Leanora,Phillis,2018-07-11,lphillismy@goodreads.com,05 Buell Street,811-816-9697
Josselyn,Woltering,2018-03-06,jwolteringmz@so-net.ne.jp,4334 Rutledge Point,402-437-2964
Otis,Grishenkov,2017-11-26,ogrishenkovn0@oakley.com,36 West Court,476-398-7601
Kinnie,Busson,2017-11-16,kbussonn1@ask.com,3169 Debs Crossing,428-829-2184
Jaymee,Casey,2018-05-21,jcaseyn2@posterous.com,3 Delladonna Trail,727-414-5985
Mace,Seyffert,2017-12-13,mseyffertn3@samsung.com,7 Tennessee Street,828-516-8780
Clea,Isaacs,2018-10-18,cisaacsn4@shinystat.com,08115 Fallview Terrace,928-912-6764
Annnora,Arnald,2018-04-07,aarnaldn5@oakley.com,673 Paget Plaza,556-732-9878
Dena,Sinkings,2018-02-14,dsinkingsn6@ibm.com,621 Heath Center,967-191-7062
Geordie,Thinn,2018-11-14,gthinnn7@tripadvisor.com,2 Mayer Street,850-692-5464
Sherri,Howsan,2018-08-07,showsann8@a8.net,1197 Spaight Court,101-468-0919
Bellanca,Utting,2018-05-29,buttingn9@biblegateway.com,51920 Packers Terrace,185-887-8372
Catherin,Kneafsey,2018-05-29,ckneafseyna@icio.us,79 Burning Wood Pass,724-726-5182
Roman,Gooddie,2018-10-12,rgooddienb@usa.gov,36946 Bartelt Alley,798-690-4891
Martha,Seavers,2018-06-07,mseaversnc@multiply.com,1 Mccormick Hill,955-956-5460
Garrik,Larmor,2018-02-01,glarmornd@example.com,60782 Grim Drive,594-390-1824
Cathlene,Hollerin,2018-09-24,chollerinne@timesonline.co.uk,1274 Butterfield Road,553-864-1961
Mufi,Cyson,2018-08-29,mcysonnf@51.la,8809 Lindbergh Crossing,750-360-5534
Free,Monelle,2018-10-07,fmonelleng@businesswire.com,52 Hansons Plaza,251-390-5387
Marlo,Orteu,2018-06-27,morteunh@independent.co.uk,0735 Marcy Hill,395-889-1006
Waylin,Abella,2018-01-07,wabellani@wp.com,27890 Longview Road,930-408-7945
Phillis,Mayhew,2018-09-09,pmayhewnj@ca.gov,55 Leroy Street,714-669-0144
Putnem,Kirby,2018-09-28,pkirbynk@google.fr,175 Anderson Avenue,593-365-0722
Gilemette,Chorlton,2018-05-17,gchorltonnl@apple.com,0 Anzinger Place,499-476-3246
Shermie,Langlois,2018-10-09,slangloisnm@phpbb.com,2396 Nevada Place,889-767-2240
Jillian,Kivelhan,2018-06-08,jkivelhannn@rakuten.co.jp,10 Messerschmidt Circle,200-751-2602
Guillermo,Antonazzi,2018-03-20,gantonazzino@privacy.gov.au,39 Messerschmidt Park,797-321-5556
Shaun,Duligal,2018-08-21,sduligalnp@51.la,4706 Tennessee Pass,469-193-9777
Robby,Jedrzejewsky,2018-02-24,rjedrzejewskynq@wp.com,3 Shoshone Lane,417-698-3688
Marney,Paylie,2018-01-29,mpaylienr@domainmarket.com,55 Grim Terrace,411-420-4093
Kenneth,Geist,2018-02-18,kgeistns@webmd.com,20 Anniversary Parkway,738-939-2031
Pepe,Berwick,2018-04-04,pberwicknt@ed.gov,7703 Summerview Place,895-254-5254
Towney,Relton,2018-09-05,treltonnu@sfgate.com,69 Barnett Junction,531-918-9659
Durant,Minichillo,2018-05-05,dminichillonv@prweb.com,0866 Becker Hill,906-527-0426
Louisette,Torricella,2017-12-05,ltorricellanw@sogou.com,7 Elmside Lane,385-535-0412
Harriet,Dawkes,2018-06-17,hdawkesnx@google.es,14339 Calypso Hill,550-931-9420
Yorke,Smillie,2018-03-10,ysmillieny@themeforest.net,15 Prairieview Center,131-556-9574
Donielle,Bennallck,2018-10-11,dbennallcknz@guardian.co.uk,08572 Lien Way,217-914-7107
Lilia,Spinozzi,2018-11-02,lspinozzio0@wikispaces.com,721 Prairieview Place,968-270-1856
Ranna,Burnand,2018-08-24,rburnando1@exblog.jp,84 Lerdahl Park,793-875-5423
Pat,Shea,2018-06-16,psheao2@newyorker.com,091 Maryland Point,818-936-2609
Loralee,Dunbleton,2018-09-27,ldunbletono3@timesonline.co.uk,9 Sugar Terrace,541-719-8469
Audie,Blagden,2018-05-24,ablagdeno4@live.com,99539 7th Road,680-390-4173
Deerdre,Fordyce,2018-04-14,dfordyceo5@ocn.ne.jp,5 Columbus Center,658-901-1084
Betteann,Rumsey,2018-09-15,brumseyo6@mit.edu,5149 Oak Valley Drive,422-728-9860
Devi,Riddeough,2017-12-05,driddeougho7@google.nl,05146 Scott Hill,874-751-1221
Tawnya,Hassen,2017-11-15,thasseno8@infoseek.co.jp,00 Muir Hill,983-795-1730
Hadria,Skirrow,2018-08-30,hskirrowo9@4shared.com,204 Dovetail Terrace,259-673-6602
Michail,Kealy,2018-02-16,mkealyoa@linkedin.com,41 Spenser Alley,706-694-6454
Adolf,Corry,2018-05-01,acorryob@mtv.com,64164 Meadow Ridge Road,349-737-7595
Baudoin,Glabach,2018-07-05,bglabachoc@techcrunch.com,225 Fulton Crossing,130-739-4202
Sayre,Sysland,2018-10-19,ssyslandod@ed.gov,343 7th Drive,419-595-0818
Evelyn,Woodrooffe,2018-04-25,ewoodrooffeoe@com.com,533 Redwing Junction,237-389-2170
Glen,Skate,2018-02-28,gskateof@xinhuanet.com,04516 Crest Line Crossing,467-945-9598
Perri,Sonley,2018-01-25,psonleyog@tuttocitta.it,70323 Merrick Road,357-799-3989
Lilia,Lawles,2018-09-08,llawlesoh@networksolutions.com,8 Tony Point,338-668-0129
Lesly,Desforges,2018-01-28,ldesforgesoi@constantcontact.com,6 Holy Cross Center,737-769-3274
Serena,Weeden,2018-01-29,sweedenoj@vk.com,8547 Service Street,185-942-8028
Henryetta,Josselsohn,2017-11-22,hjosselsohnok@newyorker.com,589 Scott Pass,427-272-6862
Rudolf,Andric,2018-10-06,randricol@bloglovin.com,23 Coleman Avenue,579-941-1151
Gavrielle,Trayford,2018-01-27,gtrayfordom@ning.com,751 Morrow Park,916-965-9494
Armin,Posner,2018-01-08,aposneron@google.ru,496 Wayridge Street,508-863-8763
Cristin,McGrey,2018-01-13,cmcgreyoo@yellowbook.com,83963 Oneill Trail,333-845-6123
Dasya,Harbidge,2018-03-11,dharbidgeop@gravatar.com,6 Clarendon Plaza,243-867-3405
Harley,Wiles,2017-12-19,hwilesoq@prweb.com,6709 Scoville Plaza,949-424-8473
Beverly,Brickner,2018-03-09,bbrickneror@timesonline.co.uk,3245 Springview Road,389-908-8334
Berton,Bernardot,2018-07-13,bbernardotos@sciencedirect.com,33 Corry Hill,244-163-0529
Terri,Balasini,2018-09-13,tbalasiniot@de.vu,24757 Waywood Drive,885-646-4378
Sophi,Miner,2018-05-21,sminerou@google.de,74 Mockingbird Terrace,770-886-7828
Tammara,Winpenny,2018-07-10,twinpennyov@youtube.com,66575 David Drive,767-671-1013
Rriocard,Groven,2018-07-10,rgrovenow@yale.edu,06453 Lunder Circle,483-726-2688
Carlynne,Devany,2018-04-23,cdevanyox@cloudflare.com,66 Jenna Court,617-424-7612
Dwayne,Veness,2018-09-11,dvenessoy@geocities.com,17 Jenifer Street,368-412-2251
Bab,Redley,2017-12-19,bredleyoz@infoseek.co.jp,97 Blue Bill Park Lane,988-282-1959
Hortensia,Inkster,2018-11-14,hinksterp0@usgs.gov,9618 Kings Terrace,425-754-7874
Far,Delgua,2018-10-02,fdelguap1@phpbb.com,2 Lakewood Crossing,400-413-2732
Frank,Lawee,2018-05-18,flaweep2@comsenz.com,85620 Steensland Crossing,980-430-7678
Pen,Thorbon,2017-11-16,pthorbonp3@walmart.com,8713 Ohio Lane,919-904-2940
Mohandis,Busain,2018-03-18,mbusainp4@naver.com,9 Manitowish Plaza,150-555-4881
Adena,Renne,2018-06-05,arennep5@stanford.edu,53699 Arizona Circle,164-213-0373
Fallon,Akred,2018-03-16,fakredp6@cnet.com,70155 Pierstorff Lane,578-533-9553
Pat,Crockatt,2018-10-19,pcrockattp7@privacy.gov.au,9 Northfield Terrace,724-478-1007
Ciro,Cobby,2018-09-15,ccobbyp8@skyrock.com,9643 Melvin Terrace,479-410-9671
Laurette,Wanek,2018-05-20,lwanekp9@mozilla.org,45 Sullivan Pass,240-888-6115
Cal,Greydon,2018-08-12,cgreydonpa@wisc.edu,8 Michigan Terrace,307-991-9738
Amandie,Ciani,2017-11-27,acianipb@imgur.com,9351 Clyde Gallagher Crossing,189-986-2679
Vannie,Jenoure,2018-03-28,vjenourepc@constantcontact.com,11 Melby Circle,277-785-0647
Karita,Kerrigan,2018-05-21,kkerriganpd@blog.com,6887 Pine View Plaza,889-276-5619
Alix,Meynell,2018-02-20,ameynellpe@biblegateway.com,7 Harbort Plaza,880-104-9379
Udell,Jenner,2018-02-24,ujennerpf@vkontakte.ru,964 Talisman Pass,763-707-0077
Teodor,Witherspoon,2018-04-09,twitherspoonpg@jimdo.com,64 Graedel Parkway,602-501-4608
Arte,Kynder,2018-07-31,akynderph@reference.com,21 North Lane,466-585-1779
Melonie,Jacks,2017-11-29,mjackspi@com.com,45 Johnson Point,867-675-1885
Gavrielle,Cowoppe,2018-01-25,gcowoppepj@jigsy.com,8050 Kensington Street,298-653-4292
Maddalena,Cato,2018-08-09,mcatopk@pbs.org,38288 Corry Junction,500-841-4516
Camey,McInility,2018-02-03,cmcinilitypl@discovery.com,62281 Fulton Street,496-963-3684
Whitney,Moyles,2018-01-12,wmoylespm@multiply.com,4 Hallows Terrace,762-981-7099
Harley,Smail,2018-03-07,hsmailpn@devhub.com,5 Vermont Pass,573-736-1322
Emera,Royden,2018-07-08,eroydenpo@bizjournals.com,0463 Trailsway Hill,723-911-5108
Dianna,Scorton,2018-02-21,dscortonpp@ehow.com,9689 Graedel Alley,601-286-4870
Herschel,Tearle,2018-08-25,htearlepq@java.com,71610 Chive Parkway,252-523-8356
Casar,Haker,2018-02-12,chakerpr@businessweek.com,4695 Pleasure Road,615-941-2470
Mala,Yeoman,2018-03-06,myeomanps@issuu.com,4129 Veith Center,671-176-2991
Christopher,Nealon,2018-10-28,cnealonpt@dailymotion.com,2 Petterle Place,992-660-7823
Layne,Bartosek,2018-10-29,lbartosekpu@fda.gov,640 Trailsway Court,145-693-3211
Bathsheba,Mewha,2018-03-14,bmewhapv@ning.com,09 Pearson Park,793-256-5807
Helge,Whyley,2018-03-08,hwhyleypw@feedburner.com,52919 Clyde Gallagher Avenue,830-477-9003
Aldric,Faircliff,2018-10-14,afaircliffpx@yale.edu,439 Bunting Drive,433-579-1342
Ariana,Pay,2018-07-21,apaypy@icq.com,5 Loomis Circle,916-518-8987
Scot,Antonich,2018-06-25,santonichpz@usda.gov,55 Lillian Way,407-796-5710
Jerrie,Synnott,2018-07-14,jsynnottq0@cbsnews.com,03 Raven Point,439-575-9471
Gonzalo,Eite,2018-08-25,geiteq1@github.io,20 Messerschmidt Avenue,726-378-3641
Philbert,Clementucci,2018-05-23,pclementucciq2@who.int,1 Vidon Plaza,701-524-6651
Merle,Fazackerley,2018-05-25,mfazackerleyq3@wsj.com,07620 Stoughton Park,755-823-9047
Harmonie,McFall,2018-06-25,hmcfallq4@patch.com,72 Ramsey Hill,889-800-0613
Terencio,Pear,2018-02-03,tpearq5@posterous.com,8 Mayer Hill,701-579-5985
Gabey,Wombwell,2018-04-10,gwombwellq6@howstuffworks.com,1476 Holmberg Drive,512-601-5897
Joshua,Androsik,2017-12-29,jandrosikq7@free.fr,1621 Center Pass,729-384-9578
Hieronymus,Feore,2018-06-11,hfeoreq8@1688.com,4 Dryden Street,883-741-6135
Reina,Brearton,2018-06-28,rbreartonq9@stumbleupon.com,22 Cambridge Trail,520-952-7586
Eydie,Carolan,2018-05-17,ecarolanqa@thetimes.co.uk,56 Columbus Road,932-528-7320
Cissy,Danzey,2018-04-06,cdanzeyqb@nationalgeographic.com,5 Dottie Lane,138-609-8172
Esdras,Abramow,2018-03-16,eabramowqc@soup.io,3154 Golf Drive,193-552-2738
Kriste,Broy,2018-07-14,kbroyqd@tinyurl.com,4 Saint Paul Road,696-708-4397
Virginia,Cheesman,2017-12-29,vcheesmanqe@usa.gov,07984 8th Way,230-230-1779
Cheryl,Kelloch,2018-04-20,ckellochqf@deliciousdays.com,82818 Old Gate Way,122-262-6740
Joline,Snare,2018-06-22,jsnareqg@home.pl,23 Pawling Alley,115-316-2433
Josephina,Andrew,2018-09-15,jandrewqh@bloglines.com,7 Victoria Trail,871-360-8202
Lotty,Sango,2017-12-11,lsangoqi@barnesandnoble.com,7 Gale Street,459-536-3288
Carlyn,Digance,2018-08-14,cdiganceqj@printfriendly.com,47114 Glendale Point,568-709-1898
Gran,Malarkey,2018-07-08,gmalarkeyqk@nhs.uk,35 Continental Pass,340-485-3942
Lola,Barosch,2018-10-22,lbaroschql@zdnet.com,09 Birchwood Place,159-836-6644
Silvie,Brugger,2018-05-18,sbruggerqm@webs.com,6120 Armistice Circle,316-217-4853
Teddy,Corrado,2018-05-27,tcorradoqn@barnesandnoble.com,3524 Westend Way,109-206-8637
Sancho,Dingsdale,2018-09-06,sdingsdaleqo@omniture.com,1348 Meadow Ridge Street,793-222-4329
Gerome,Demougeot,2018-09-30,gdemougeotqp@ameblo.jp,845 Thompson Alley,868-749-8809
Hatti,Redmore,2018-10-13,hredmoreqq@domainmarket.com,8334 Bluestem Road,975-258-3538
Sarge,Castagnet,2018-05-30,scastagnetqr@arizona.edu,2937 Nevada Center,924-333-1192
Merrie,Grafton-Herbert,2018-07-26,mgraftonherbertqs@cdbaby.com,72484 Holy Cross Way,617-955-3366
Gretna,Naismith,2018-02-27,gnaismithqt@discovery.com,2580 Kings Crossing,418-715-4635
Rafaelita,Kinvan,2017-11-29,rkinvanqu@creativecommons.org,37 Sheridan Alley,887-793-9488
Rayner,Katte,2018-10-09,rkatteqv@harvard.edu,7 Crest Line Park,315-969-8163
Arlene,Littlejohn,2018-01-04,alittlejohnqw@utexas.edu,71075 Kipling Center,163-731-5897
Carver,Dommett,2018-08-20,cdommettqx@indiatimes.com,84 Fair Oaks Lane,128-283-1154
Dominga,Brouwer,2018-07-20,dbrouwerqy@people.com.cn,269 Debra Point,939-899-8752
Horacio,Chatell,2018-07-08,hchatellqz@rediff.com,82017 Shasta Lane,401-470-9746
Tades,Iddon,2018-04-01,tiddonr0@cmu.edu,872 Daystar Point,359-798-3250
Claudetta,Pressdee,2018-02-08,cpressdeer1@engadget.com,7882 Del Mar Hill,578-583-2067
Julietta,Ebdon,2018-01-17,jebdonr2@examiner.com,8067 Sullivan Avenue,667-441-0155
Dorine,Merkel,2018-03-13,dmerkelr3@360.cn,8141 Southridge Crossing,629-171-6509
Aimee,Fairney,2018-05-02,afairneyr4@huffingtonpost.com,0912 Bowman Drive,603-792-4323
Sergeant,Abramsky,2018-10-20,sabramskyr5@phpbb.com,7528 Prentice Center,688-650-5593
Sydney,Muslim,2017-12-15,smuslimr6@ca.gov,818 Barby Way,425-446-3475
Johnny,Pethrick,2018-06-23,jpethrickr7@cbsnews.com,1 Hansons Avenue,322-621-7001
Wayne,Fulk,2018-07-18,wfulkr8@aol.com,1496 Briar Crest Trail,664-436-5274
Tye,Yurikov,2018-09-09,tyurikovr9@cbsnews.com,46 Roth Plaza,920-465-1094
Ralph,Jannaway,2017-11-17,rjannawayra@example.com,6320 Nobel Alley,205-531-7272
Rolland,Marcam,2018-10-11,rmarcamrb@cyberchimps.com,4799 Lukken Trail,289-772-3313
Cletis,Clayhill,2017-12-10,cclayhillrc@boston.com,11 Superior Crossing,461-231-7397
Alonzo,Trunchion,2018-10-27,atrunchionrd@fastcompany.com,2602 Di Loreto Drive,254-706-0178
Missie,Mougenel,2017-11-19,mmougenelre@adobe.com,2 Sunnyside Pass,352-875-5958
Duffie,Caddies,2018-06-03,dcaddiesrf@flavors.me,8843 Florence Terrace,357-525-1494
Sanders,Mirralls,2018-01-02,smirrallsrg@scientificamerican.com,7608 Lotheville Parkway,459-427-9246
Oren,Fewell,2018-10-10,ofewellrh@over-blog.com,2 Westerfield Plaza,575-811-9919
Alissa,Fligg,2018-04-09,afliggri@google.it,07701 Macpherson Trail,319-861-4760
Laird,Duckett,2018-09-03,lduckettrj@ehow.com,6081 Vera Hill,409-286-5395
Correy,Grundwater,2018-05-03,cgrundwaterrk@addthis.com,111 Park Meadow Pass,880-171-3643
Hogan,Bartozzi,2017-12-05,hbartozzirl@skyrock.com,227 Fair Oaks Way,596-595-4790
Mort,Shoreman,2018-06-17,mshoremanrm@webnode.com,514 Fordem Terrace,609-762-1080
Jareb,Youtead,2018-09-01,jyouteadrn@360.cn,0 Northfield Junction,309-996-5751
Rosy,Hannigan,2018-11-05,rhanniganro@paypal.com,76 Oak Valley Avenue,368-905-1819
Elvin,Craske,2018-05-06,ecraskerp@ameblo.jp,12255 Chive Hill,490-862-3210
Celestia,Mollnar,2018-01-31,cmollnarrq@ucoz.com,37 Eggendart Circle,311-226-6910
Sigismundo,Burwell,2018-06-03,sburwellrr@census.gov,955 Sugar Park,132-252-9119
