Mariya,Overstall,2018-09-07,moverstall0@addtoany.com,081 Kipling Plaza,819-239-2811
Kermie,Colthard,2018-06-19,kcolthard1@army.mil,150 Marcy Road,440-810-2000
Marlie,Andrieu,2018-10-11,mandrieu2@walmart.com,80 Di Loreto Court,265-229-5962
Scotti,Kilgallon,2018-10-26,skilgallon3@omniture.com,17777 Burrows Place,607-109-1443
Angie,Haylor,2018-02-19,ahaylor4@xrea.com,0 Hermina Lane,171-709-2991
Carroll,Sein,2018-07-06,csein5@mit.edu,3140 Corry Terrace,627-484-7616
Tamiko,Stiling,2018-04-29,tstiling6@psu.edu,3 Sloan Lane,140-943-9784
Winny,Geck,2018-08-02,wgeck7@bigcartel.com,7834 Debra Hill,877-817-8144
Shaun,Heintze,2018-08-08,sheintze8@yolasite.com,05746 Little Fleur Road,906-694-0453
Andra,Treble,2018-05-24,atreble9@scientificamerican.com,70671 Main Parkway,176-555-2811
Agnesse,Jocic,2017-12-24,ajocica@paypal.com,19 Melby Way,987-706-4746
Berton,Temprell,2018-04-10,btemprellb@godaddy.com,37 Dakota Pass,708-117-3906
Daffi,Agg,2018-02-09,daggc@ycombinator.com,61184 Esker Way,587-309-9367
Tandie,Nunn,2018-02-02,tnunnd@vistaprint.com,8 Annamark Terrace,258-101-3260
Sandye,Shoppee,2018-10-08,sshoppeee@latimes.com,1863 Farwell Avenue,694-193-8177
Donica,Ivanikhin,2018-05-09,divanikhinf@psu.edu,10 Fieldstone Avenue,492-926-3611
Anderson,Ayers,2018-01-02,aayersg@canalblog.com,3106 Florence Plaza,193-627-2929
Eryn,Smallacombe,2018-06-20,esmallacombeh@parallels.com,4 Sloan Court,907-943-2601
Terrel,Grubbe,2018-04-22,tgrubbei@arizona.edu,9596 Northwestern Road,806-800-3729
Minette,Succamore,2017-12-23,msuccamorej@spiegel.de,989 Southridge Road,625-362-4551
Corilla,Critcher,2018-04-16,ccritcherk@independent.co.uk,31 Oak Center,881-825-1651
Ardene,Sellstrom,2018-03-28,asellstroml@shinystat.com,18 Bartillon Trail,132-830-8869
Gabrila,Spracklin,2018-05-17,gspracklinm@bloglovin.com,8048 Coleman Court,273-384-0558
Malvin,Tipperton,2018-08-06,mtippertonn@studiopress.com,28 Eastlawn Trail,250-701-1885
Ursa,Andrag,2017-12-04,uandrago@mit.edu,1 Heffernan Circle,966-807-4857
Timothea,Moth,2018-09-23,tmothp@tuttocitta.it,31624 Coolidge Trail,563-378-9139
Kendricks,Manie,2018-08-22,kmanieq@mashable.com,421 Milwaukee Center,132-932-1188
Lilith,Henriques,2018-01-10,lhenriquesr@indiegogo.com,5218 Brown Junction,885-308-5334
Berne,Hastwall,2018-05-03,bhastwalls@miitbeian.gov.cn,885 Rigney Street,246-579-5048
Derk,Wrightim,2017-12-16,dwrightimt@state.gov,5 Summerview Street,383-384-1145
Micah,Cradduck,2018-07-22,mcradducku@japanpost.jp,94 Oneill Road,940-464-1475
Arielle,Emeney,2018-11-11,aemeneyv@51.la,04 Gale Point,596-707-8188
Guenevere,Balaizot,2018-05-28,gbalaizotw@blogs.com,5 Cascade Parkway,193-914-5292
Tanney,Djurevic,2017-12-17,tdjurevicx@ask.com,997 Stoughton Center,645-763-3927
Horatio,Stourton,2017-11-23,hstourtony@typepad.com,8405 Manitowish Junction,703-194-3894
Larine,Cruce,2018-08-04,lcrucez@fastcompany.com,724 Grayhawk Junction,254-838-2968
Pepillo,Dudeney,2018-07-12,pdudeney10@mtv.com,017 Bultman Junction,894-219-7564
Idelle,Mugglestone,2017-12-13,imugglestone11@addtoany.com,1862 Nancy Circle,175-669-2585
Hedvig,Hollows,2018-04-04,hhollows12@newsvine.com,48 Messerschmidt Alley,676-265-9968
Lilllie,Piggford,2018-01-12,lpiggford13@creativecommons.org,28 Sutherland Alley,853-155-9037
Stormie,Kirrage,2018-10-27,skirrage14@cdc.gov,00 Randy Pass,953-878-8507
Masha,Heyns,2018-01-09,mheyns15@mashable.com,1 Nevada Parkway,810-656-9396
Nestor,De Banke,2018-06-02,ndebanke16@wikipedia.org,13606 Northport Alley,934-825-7174
Charlie,Dyzart,2018-07-03,cdyzart17@biglobe.ne.jp,71 Memorial Parkway,129-555-5522
Pattie,Gecke,2018-10-08,pgecke18@canalblog.com,1078 Kings Court,452-825-3733
Catina,Eggins,2018-06-18,ceggins19@alexa.com,193 Lunder Crossing,422-854-5584
Hurlee,Liebrecht,2018-04-13,hliebrecht1a@google.com.au,6807 Burning Wood Center,471-789-8300
Adora,Fateley,2018-04-07,afateley1b@home.pl,1238 Vahlen Road,266-705-2325
Nissy,Camous,2018-10-05,ncamous1c@webs.com,27 3rd Plaza,342-647-4691
Kasey,Elis,2018-05-12,kelis1d@yellowbook.com,137 Farmco Drive,851-533-3327
Dodi,Gronou,2017-11-19,dgronou1e@sohu.com,5 Hauk Hill,171-554-2686
Joan,Maciejewski,2018-01-15,jmaciejewski1f@wufoo.com,225 Evergreen Road,510-470-7635
Frankie,Sings,2018-01-03,fsings1g@mysql.com,25 Carioca Terrace,868-141-1670
Angelle,Rigeby,2018-04-03,arigeby1h@tripadvisor.com,8329 Glendale Lane,776-237-7983
Gabriell,Hradsky,2017-12-30,ghradsky1i@kickstarter.com,2 Oak Valley Street,662-433-0251
Teddi,Siveter,2017-11-15,tsiveter1j@chron.com,4095 Rieder Hill,843-185-0011
Korney,Olenin,2017-12-12,kolenin1k@zdnet.com,4643 Tennessee Pass,516-246-1426
Findlay,Bremley,2017-11-23,fbremley1l@examiner.com,11100 School Plaza,940-880-9881
Brandtr,Bridgeland,2018-07-24,bbridgeland1m@ow.ly,15 Sherman Lane,740-548-8052
Corrinne,Hoble,2018-02-07,choble1n@macromedia.com,99046 Drewry Court,685-678-1395
Blondy,Penniall,2018-01-18,bpenniall1o@acquirethisname.com,15685 Fordem Terrace,656-779-8763
Burlie,Nast,2018-09-29,bnast1p@dedecms.com,2 Kennedy Avenue,893-497-8790
Steven,Rist,2018-08-23,srist1q@slashdot.org,03 Northwestern Circle,820-437-9580
Olwen,Fern,2018-02-05,ofern1r@google.ru,6 Judy Park,893-311-5065
Blanca,Frisby,2018-10-15,bfrisby1s@livejournal.com,75 Marcy Street,869-695-1646
Rex,Lawee,2018-08-14,rlawee1t@vimeo.com,34555 Oxford Center,404-399-1186
Gretchen,Mirralls,2018-08-26,gmirralls1u@woothemes.com,9049 Graceland Trail,489-538-6098
Holt,Monument,2018-07-24,hmonument1v@flavors.me,977 7th Avenue,186-691-8985
Pernell,Feifer,2017-12-31,pfeifer1w@dagondesign.com,5738 Lakewood Lane,979-224-8847
Fletch,Boulton,2018-04-10,fboulton1x@goo.ne.jp,67 Menomonie Place,378-312-8133
Bennett,McShirrie,2018-08-29,bmcshirrie1y@mashable.com,7 Eliot Place,139-293-9774
Beilul,Dugmore,2018-10-31,bdugmore1z@cmu.edu,2922 Rieder Terrace,930-872-3981
Stefania,Richie,2018-11-12,srichie20@answers.com,66 Sachtjen Park,500-234-2193
Natty,Lerhinan,2018-01-02,nlerhinan21@home.pl,71820 Ridgeview Crossing,281-657-3238
Roz,Gabitis,2018-08-19,rgabitis22@sun.com,7 Pennsylvania Circle,989-698-9861
Barbara,Pinwell,2018-10-31,bpinwell23@cafepress.com,50 Green Pass,812-688-0998
Zechariah,Kunkler,2018-06-02,zkunkler24@home.pl,98856 Blaine Lane,549-186-4320
Celinda,Nangle,2018-09-18,cnangle25@cmu.edu,9 Lunder Lane,410-936-9331
Ellsworth,Kinsett,2018-09-07,ekinsett26@bloglines.com,9419 Canary Circle,832-388-1845
Brita,Dare,2018-10-11,bdare27@godaddy.com,9409 North Hill,760-410-4466
Conroy,Stockhill,2018-05-08,cstockhill28@qq.com,5407 Straubel Avenue,321-329-2421
Luciano,Clementson,2017-12-16,lclementson29@surveymonkey.com,185 Dawn Point,391-742-5342
Briny,Studman,2018-04-20,bstudman2a@stanford.edu,32497 Bowman Place,184-879-1460
Bob,Abbay,2018-07-14,babbay2b@hud.gov,672 Troy Center,125-824-9785
Francyne,Dossetter,2018-04-14,fdossetter2c@printfriendly.com,10807 Loeprich Point,139-743-1285
Chrotoem,Boomes,2018-10-15,cboomes2d@ft.com,39 Bay Hill,444-643-2929
Stepha,Tumasian,2017-12-07,stumasian2e@netscape.com,50 Twin Pines Crossing,138-397-8502
Shawna,Gookes,2018-05-04,sgookes2f@adobe.com,88974 Village Green Avenue,776-486-9007
Silvana,Franey,2018-10-14,sfraney2g@addthis.com,78670 Donald Hill,585-400-8750
Donnie,McAllister,2018-10-28,dmcallister2h@angelfire.com,0 Quincy Circle,753-286-1457
Marylynne,Honniebal,2018-03-23,mhonniebal2i@jalbum.net,66 Cottonwood Center,766-544-6850
Karly,Guiduzzi,2018-02-26,kguiduzzi2j@google.co.jp,5171 Hermina Circle,845-344-2428
Debbi,Collen,2018-09-03,dcollen2k@dropbox.com,4 Farwell Place,603-350-2874
Bryan,Rubrow,2018-10-19,brubrow2l@edublogs.org,67 Dixon Plaza,515-290-8578
Purcell,Orvis,2018-07-14,porvis2m@vk.com,05327 Hazelcrest Lane,762-598-9424
Kelcy,Brookshaw,2018-08-03,kbrookshaw2n@alibaba.com,836 Nova Place,970-661-6723
Jen,Hefner,2018-10-20,jhefner2o@hexun.com,19 Fulton Hill,158-930-6157
Byram,Kavanagh,2018-02-18,bkavanagh2p@stumbleupon.com,6447 Texas Park,265-329-7459
Waneta,Dahlen,2018-08-04,wdahlen2q@shinystat.com,5 Pine View Terrace,499-736-8492
Kirstyn,Linnemann,2018-04-01,klinnemann2r@jiathis.com,027 Center Place,605-947-4985
Linnea,Gwatkins,2017-12-07,lgwatkins2s@prweb.com,3 Johnson Park,947-313-4696
Hilary,Marfe,2018-05-24,hmarfe2t@fc2.com,2492 Columbus Hill,349-280-3496
Randy,Doni,2018-10-18,rdoni2u@facebook.com,80049 Onsgard Center,984-373-4481
Raul,Pine,2018-09-10,rpine2v@people.com.cn,1552 Loeprich Junction,212-180-2607
Koressa,Pattison,2018-10-20,kpattison2w@wikia.com,468 Glacier Hill Terrace,764-862-6510
Dory,Quesne,2018-06-12,dquesne2x@4shared.com,834 Kedzie Street,663-966-3530
Leonard,Lutzmann,2018-05-28,llutzmann2y@gnu.org,55 Lake View Point,150-676-0622
Caril,Peaden,2018-09-13,cpeaden2z@rambler.ru,8854 Springview Plaza,387-232-1059
Gill,Tuison,2018-07-26,gtuison30@arizona.edu,6064 Lighthouse Bay Court,571-564-7584
Emmy,Eadington,2018-06-29,eeadington31@spiegel.de,50 International Alley,861-294-4145
Waverly,Probey,2018-05-11,wprobey32@surveymonkey.com,0 Union Lane,751-834-5618
Timoteo,Vesco,2018-06-18,tvesco33@sfgate.com,9 Dixon Terrace,124-232-5171
Onfroi,Scarbarrow,2018-06-01,oscarbarrow34@vistaprint.com,3 Division Parkway,781-294-3361
Xylina,Curwood,2018-11-01,xcurwood35@msu.edu,1 Burrows Court,144-164-0069
Quintilla,Gorringe,2018-09-21,qgorringe36@answers.com,6 Paget Drive,453-510-5946
Alvie,de la Valette Parisot,2018-03-03,adelavaletteparisot37@freewebs.com,88 Mifflin Terrace,901-225-6469
Adriane,Dacres,2017-11-15,adacres38@myspace.com,6 Eagan Center,913-862-9402
Leonid,Kleinber,2018-03-02,lkleinber39@163.com,89 Boyd Plaza,677-236-4804
Perren,Vann,2018-10-11,pvann3a@t.co,9337 Moland Avenue,736-898-6535
Jenn,Jerratsch,2017-11-20,jjerratsch3b@purevolume.com,70 Buell Circle,752-101-4088
Riki,Sandbatch,2018-05-10,rsandbatch3c@issuu.com,639 Boyd Terrace,638-944-4769
Darcey,Streatfeild,2018-11-12,dstreatfeild3d@about.me,8142 Sheridan Road,475-265-4816
Kerianne,Faccini,2018-04-03,kfaccini3e@newsvine.com,08680 Kingsford Plaza,921-561-3670
Wynn,Blythe,2018-07-03,wblythe3f@amazon.co.uk,39266 Mitchell Park,574-757-2269
Natty,Bruyett,2018-02-04,nbruyett3g@engadget.com,6 Reindahl Center,321-234-5869
Raynor,Vidyapin,2018-08-15,rvidyapin3h@ameblo.jp,2303 Glacier Hill Street,661-251-9371
Cris,Turfs,2018-04-25,cturfs3i@boston.com,1 Hoepker Court,899-882-1188
Evelina,Seaton,2018-10-02,eseaton3j@networkadvertising.org,59 Pond Point,353-809-2201
Morgen,Nutman,2018-05-30,mnutman3k@etsy.com,90249 Raven Crossing,507-269-2286
Vladimir,Renac,2018-08-19,vrenac3l@behance.net,2 Hagan Street,451-256-5894
Myrtle,Haker,2018-08-16,mhaker3m@instagram.com,972 Burrows Trail,834-131-8094
Kakalina,Tracy,2018-09-08,ktracy3n@uol.com.br,08 High Crossing Street,943-156-0975
Harri,Roj,2018-05-05,hroj3o@dell.com,5 Rusk Court,314-290-3311
Frieda,Eneas,2018-06-01,feneas3p@cbsnews.com,90 Muir Pass,264-795-7433
Lynde,Frantzen,2017-12-20,lfrantzen3q@angelfire.com,988 Oak Court,474-341-2935
Huntlee,Westcot,2018-09-23,hwestcot3r@drupal.org,5305 Nobel Hill,261-801-6955
Burt,Falla,2018-05-30,bfalla3s@cloudflare.com,11051 Manitowish Crossing,236-943-0663
Nannette,Baitey,2018-03-19,nbaitey3t@zimbio.com,177 5th Center,542-980-7822
Baldwin,Rhydderch,2018-09-11,brhydderch3u@bing.com,13 Darwin Avenue,858-684-9134
Winifred,Creese,2018-04-20,wcreese3v@addthis.com,730 Summerview Hill,528-261-3358
Ignacio,Bruneau,2018-07-16,ibruneau3w@booking.com,63 3rd Road,130-287-7392
Lindsay,Moreno,2018-06-29,lmoreno3x@cdc.gov,7905 Anniversary Street,712-140-6607
Merilyn,Wherton,2018-10-28,mwherton3y@topsy.com,6114 Anderson Lane,800-364-6609
Zitella,Hoodlass,2018-09-04,zhoodlass3z@shutterfly.com,43780 Vahlen Avenue,989-225-7089
Raquel,Tellett,2017-12-25,rtellett40@princeton.edu,8 Northfield Hill,174-415-5874
Clerissa,Havock,2018-03-26,chavock41@ftc.gov,7734 Golf Pass,336-476-5952
Padgett,Orpin,2018-07-13,porpin42@quantcast.com,272 Mitchell Plaza,588-495-5320
Shannah,Skilling,2018-06-02,sskilling43@gnu.org,89075 Quincy Lane,453-336-8033
Tisha,Le Floch,2018-07-08,tlefloch44@wisc.edu,14077 Caliangt Pass,146-196-5181
Lishe,Weston,2017-11-28,lweston45@statcounter.com,41 Magdeline Street,590-416-2284
Olive,Parkyn,2018-10-15,oparkyn46@scribd.com,29246 Pennsylvania Drive,522-369-2611
Bride,Reast,2018-08-29,breast47@dropbox.com,74042 Crescent Oaks Court,296-194-6162
Kristoforo,Tibbetts,2018-01-20,ktibbetts48@friendfeed.com,89798 Starling Street,172-773-4583
Dianne,Carville,2018-02-03,dcarville49@geocities.jp,79053 Harper Plaza,766-194-9140
Moises,Duguid,2018-07-14,mduguid4a@usda.gov,762 La Follette Terrace,447-585-3387
Ashlee,Bagg,2018-09-18,abagg4b@opensource.org,07616 Forest Run Lane,920-508-1436
Rubia,Martinelli,2018-02-14,rmartinelli4c@phpbb.com,1 Nobel Plaza,546-181-4198
Chan,Rawet,2017-11-19,crawet4d@toplist.cz,2294 Jenna Center,164-211-3336
Aidan,Hawson,2018-05-06,ahawson4e@yale.edu,497 Dwight Point,192-628-2689
Alaric,Knox,2018-06-29,aknox4f@yale.edu,74599 Russell Point,619-401-3771
Angelique,Granville,2018-11-09,agranville4g@alexa.com,1892 Pond Court,802-556-9200
Masha,Hedingham,2018-03-31,mhedingham4h@oracle.com,645 Kinsman Point,134-362-5878
Wilie,Dunning,2018-09-08,wdunning4i@opera.com,90 Messerschmidt Court,855-580-8287
Eddie,Koppe,2018-06-25,ekoppe4j@buzzfeed.com,91086 Stang Trail,642-371-1037
Annora,Ogborne,2018-04-16,aogborne4k@msu.edu,2352 Beilfuss Crossing,138-256-8826
Shandra,Sandey,2017-12-16,ssandey4l@youtube.com,20343 Hintze Avenue,410-318-9602
Gillan,Dallan,2018-01-26,gdallan4m@over-blog.com,86237 Maywood Plaza,816-211-7778
Kippy,MacParlan,2017-11-26,kmacparlan4n@fastcompany.com,5776 Charing Cross Parkway,617-531-1848
Cletus,Samson,2018-01-24,csamson4o@forbes.com,24 Melrose Circle,325-246-0541
Korrie,MacCall,2018-10-13,kmaccall4p@goo.gl,2178 Monica Crossing,664-268-3395
Nettle,Craighall,2018-05-19,ncraighall4q@quantcast.com,0677 Meadow Ridge Street,884-305-8002
Merl,Lant,2018-10-16,mlant4r@cornell.edu,453 Warner Terrace,637-197-3858
Talya,Goncaves,2018-02-17,tgoncaves4s@devhub.com,73 Dexter Circle,381-427-2080
Daune,Steedman,2018-06-10,dsteedman4t@dmoz.org,2 John Wall Park,694-388-9940
Ivan,Borsay,2018-03-17,iborsay4u@berkeley.edu,75 Sloan Court,539-421-2097
Hyman,Goor,2018-09-10,hgoor4v@businesswire.com,329 Oakridge Avenue,315-564-1036
Ariel,Bradshaw,2018-06-26,abradshaw4w@storify.com,58 Elka Hill,329-465-6298
Berton,Pervoe,2018-04-19,bpervoe4x@ucoz.ru,584 Spenser Road,292-760-8907
Ollie,Verbeke,2018-08-13,overbeke4y@hp.com,60623 Graceland Terrace,808-823-9671
Carmelle,Rasper,2018-02-16,crasper4z@mapquest.com,4 Tony Alley,291-752-8037
Seumas,Eivers,2018-08-22,seivers50@marketwatch.com,9214 Southridge Trail,107-417-9717
Tersina,Courtese,2018-11-01,tcourtese51@ebay.co.uk,7146 Dryden Park,793-251-4580
Kimmy,Batkin,2017-12-20,kbatkin52@goo.ne.jp,8636 Fallview Crossing,478-367-3840
Budd,Adderson,2018-04-10,badderson53@artisteer.com,5111 Cascade Street,773-643-7809
Alfy,Berrie,2018-05-24,aberrie54@netscape.com,09175 Lunder Avenue,126-192-2564
Forest,Chantillon,2018-04-15,fchantillon55@blogtalkradio.com,5692 Talmadge Circle,133-288-9254
Woody,Jerwood,2018-06-01,wjerwood56@earthlink.net,88 Warrior Place,515-836-4221
Lorianna,Niccolls,2017-12-27,lniccolls57@craigslist.org,40 Kenwood Lane,516-845-2013
Lia,Dunley,2018-01-20,ldunley58@istockphoto.com,772 Dahle Parkway,614-688-7915
Free,Howey,2018-08-04,fhowey59@scientificamerican.com,7232 Heffernan Avenue,522-645-0486
Fran,Fechnie,2018-04-22,ffechnie5a@odnoklassniki.ru,35 Larry Hill,469-183-8293
Eydie,Dunkinson,2018-05-16,edunkinson5b@youku.com,395 Messerschmidt Center,489-932-1899
Nolie,Olivetta,2018-05-08,nolivetta5c@abc.net.au,84323 Hayes Lane,161-915-1688
Dianna,Wingate,2018-09-02,dwingate5d@elpais.com,08 Butternut Court,675-676-4623
Doralynne,Elwell,2018-07-01,delwell5e@amazon.co.jp,4938 2nd Terrace,874-455-7941
Oswell,Spiniello,2018-10-14,ospiniello5f@aboutads.info,1 Superior Junction,541-665-6807
Leland,Isley,2018-06-22,lisley5g@europa.eu,066 Straubel Crossing,110-912-7520
Patrizius,Portal,2017-11-29,pportal5h@nhs.uk,74657 Park Meadow Street,863-203-1174
Richardo,Standingford,2018-01-29,rstandingford5i@w3.org,4122 Rowland Pass,529-437-1889
Nisse,Gudger,2018-10-18,ngudger5j@telegraph.co.uk,90 Montana Avenue,558-221-5911
Micheil,Giovannilli,2018-11-07,mgiovannilli5k@bloomberg.com,0105 Westport Plaza,660-355-6238
Vidovic,Boyall,2018-05-22,vboyall5l@meetup.com,43606 Hagan Way,939-920-4885
Mariejeanne,Bysh,2018-04-28,mbysh5m@github.io,150 Clyde Gallagher Parkway,172-928-3575
Tristan,Lanigan,2018-01-12,tlanigan5n@eepurl.com,08284 Warner Circle,152-235-6139
Elvyn,Prinnett,2018-06-05,eprinnett5o@foxnews.com,495 Wayridge Street,699-567-5301
Walt,Dowrey,2018-10-31,wdowrey5p@geocities.jp,6 Bay Parkway,202-630-4275
Ryon,Gronauer,2018-02-20,rgronauer5q@kickstarter.com,04 Tennessee Point,802-304-3556
Jodie,Dukelow,2018-08-13,jdukelow5r@myspace.com,2 Warrior Court,573-387-5400
Alden,MacRierie,2018-08-04,amacrierie5s@psu.edu,630 Goodland Road,848-714-2350
Abby,Hambidge,2018-04-23,ahambidge5t@amazon.co.uk,04614 Glacier Hill Trail,411-975-3705
Irving,Crouch,2018-07-17,icrouch5u@huffingtonpost.com,24 Sommers Junction,572-969-6171
Andria,Giamelli,2018-04-20,agiamelli5v@angelfire.com,42 Old Shore Drive,759-641-7319
Nikos,Lightwing,2017-12-09,nlightwing5w@harvard.edu,286 Basil Drive,423-220-2134
Sallyanne,Garnsworth,2018-07-15,sgarnsworth5x@themeforest.net,73766 Dryden Street,793-145-1746
Prent,Cassella,2018-02-20,pcassella5y@elegantthemes.com,7 Bobwhite Road,952-752-3670
Smitty,Trever,2018-07-18,strever5z@homestead.com,2 Eagan Road,921-653-4955
Ailene,Hammell,2018-07-30,ahammell60@123-reg.co.uk,673 Arapahoe Alley,521-472-2881
Westley,Peek,2017-12-19,wpeek61@purevolume.com,8 Marquette Road,560-648-4381
Far,Lavers,2018-07-06,flavers62@diigo.com,6125 Morrow Terrace,379-742-7989
Templeton,Caulcott,2018-06-14,tcaulcott63@webnode.com,9 Westport Court,635-861-7209
Caleb,Edon,2018-05-28,cedon64@fc2.com,29852 Gina Avenue,425-396-9909
Lucina,Coon,2018-06-09,lcoon65@home.pl,194 Bowman Hill,824-429-8570
Damita,Eaken,2018-11-13,deaken66@engadget.com,5 Kingsford Court,735-626-6050
Leanora,Okenden,2018-09-07,lokenden67@nasa.gov,377 Elka Road,786-965-1806
Daffi,Chastand,2018-09-15,dchastand68@hao123.com,237 Warrior Junction,923-143-3416
Aurie,Pruce,2018-01-23,apruce69@webnode.com,5945 Gateway Circle,318-692-7059
Amalea,Pheasey,2018-10-30,apheasey6a@walmart.com,9360 Maywood Court,712-220-5581
Christalle,Napier,2017-11-17,cnapier6b@eventbrite.com,24 Kenwood Terrace,986-844-8134
Baxy,Burfitt,2018-08-26,bburfitt6c@merriam-webster.com,542 Mccormick Drive,761-376-5391
Bat,Nern,2018-07-06,bnern6d@indiegogo.com,766 Sugar Lane,558-312-9229
Bria,Heyworth,2018-02-18,bheyworth6e@fema.gov,45 Independence Place,210-729-7201
Micheline,Murrey,2018-06-04,mmurrey6f@amazon.co.jp,477 Lawn Drive,202-608-3240
Devlin,Fearon,2018-06-19,dfearon6g@plala.or.jp,210 Carioca Lane,480-683-4626
William,Fitzjohn,2018-02-22,wfitzjohn6h@oakley.com,52658 Towne Terrace,214-116-3945
Cynthie,McGarrie,2018-01-18,cmcgarrie6i@salon.com,53 Algoma Parkway,727-460-5248
Warde,Sainthill,2018-08-17,wsainthill6j@usgs.gov,2280 Red Cloud Park,783-973-2608
Mikkel,Renouf,2018-01-27,mrenouf6k@discuz.net,472 Prairieview Circle,700-141-9546
Gavan,Gobert,2018-08-08,ggobert6l@over-blog.com,17 Onsgard Way,430-588-8837
Jorge,Crudge,2018-10-23,jcrudge6m@angelfire.com,410 Duke Pass,696-504-5590
Arlen,Heaney`,2018-11-03,aheaney6n@pcworld.com,810 Pearson Junction,433-120-7926
Leonanie,Clack,2018-07-15,lclack6o@opensource.org,9 Cherokee Alley,483-244-1293
Humfrey,Feacham,2018-07-20,hfeacham6p@ustream.tv,439 Schmedeman Avenue,389-195-7394
Kingston,Plinck,2018-04-16,kplinck6q@cpanel.net,024 Schmedeman Court,328-868-2861
Theresina,Autry,2018-02-16,tautry6r@cargocollective.com,53861 Johnson Circle,932-391-7350
Sax,Blunn,2018-03-09,sblunn6s@toplist.cz,71824 Continental Park,142-628-3993
Gillie,Blowes,2018-06-19,gblowes6t@mac.com,93 Trailsway Alley,222-597-0842
Esra,Shire,2018-08-20,eshire6u@cargocollective.com,2 Milwaukee Plaza,426-477-6154
Dru,MacSkeagan,2018-09-21,dmacskeagan6v@list-manage.com,39041 Roxbury Lane,571-537-0137
Sunny,Weathey,2018-04-17,sweathey6w@youtube.com,1754 Del Sol Terrace,764-117-8601
Casar,Sinkinson,2018-10-22,csinkinson6x@cmu.edu,60177 Erie Court,440-276-1778
Bambi,Paragreen,2018-07-13,bparagreen6y@usgs.gov,66989 Hermina Way,118-527-1108
Theresita,Roll,2018-02-22,troll6z@clickbank.net,639 Colorado Trail,955-576-9924
Slade,McGloughlin,2018-03-11,smcgloughlin70@qq.com,65 Jay Trail,427-116-1585
Mitchel,Iddon,2018-03-22,middon71@nyu.edu,4498 Bluestem Avenue,298-348-1100
Samuel,Sawforde,2017-11-17,ssawforde72@imageshack.us,06085 Fulton Crossing,168-666-0549
Case,Semor,2018-03-06,csemor73@goo.ne.jp,038 Carey Park,320-271-2014
Liuka,Brett,2018-01-24,lbrett74@elegantthemes.com,22644 Buena Vista Junction,476-934-3378
Harlan,Georgins,2018-08-16,hgeorgins75@imageshack.us,4 Golden Leaf Way,253-443-7028
Shelton,Zoephel,2018-06-25,szoephel76@deviantart.com,4749 Mallory Lane,116-465-5959
Tann,Pitway,2018-06-11,tpitway77@arizona.edu,94695 Luster Center,391-898-6065
Rebeka,Ayce,2018-03-27,rayce78@nsw.gov.au,4 Elka Terrace,210-287-4569
Jenine,MacIlhargy,2017-12-25,jmacilhargy79@multiply.com,784 Duke Lane,229-898-1979
Charlotte,Kohrding,2018-05-21,ckohrding7a@deviantart.com,21 Sycamore Trail,447-546-4265
Jesse,Wrack,2018-09-15,jwrack7b@liveinternet.ru,7207 Thompson Parkway,324-360-4557
Zachery,Ewbanck,2018-05-08,zewbanck7c@reuters.com,10517 Riverside Parkway,235-619-1329
Myra,Gillatt,2018-01-28,mgillatt7d@time.com,028 Hansons Court,150-839-6591
Zita,Cason,2018-05-19,zcason7e@ning.com,460 Nova Way,318-732-9845
Alvera,Purchon,2018-02-13,apurchon7f@simplemachines.org,55 Goodland Parkway,123-344-7414
Casper,Ledford,2018-06-13,cledford7g@4shared.com,2 Saint Paul Crossing,848-745-1931
Elton,Begbie,2018-08-10,ebegbie7h@wikimedia.org,8960 Waywood Park,807-876-6600
Ethan,Gildersleaves,2018-01-03,egildersleaves7i@soup.io,1 Debs Park,431-462-5830
Rafi,Dixie,2018-06-23,rdixie7j@admin.ch,3 Toban Hill,696-385-1391
Maurizia,Kinvan,2018-05-11,mkinvan7k@amazon.co.uk,5787 Cordelia Parkway,939-165-7160
Joelle,Aspinal,2018-03-30,jaspinal7l@1und1.de,117 Darwin Way,823-481-6153
Vidovik,Pearcey,2018-02-26,vpearcey7m@globo.com,37684 Dunning Drive,696-130-8000
Harmon,Danilyuk,2018-03-17,hdanilyuk7n@phoca.cz,1 Fairview Drive,415-879-6007
Romona,Rehorek,2018-03-14,rrehorek7o@geocities.jp,91772 Emmet Circle,102-996-0242
Cybil,Densham,2018-08-02,cdensham7p@t-online.de,5 Lakewood Gardens Pass,326-435-1828
Jolene,Castleton,2018-01-05,jcastleton7q@comcast.net,08107 Declaration Road,165-891-7425
Avis,Barbery,2018-04-24,abarbery7r@smugmug.com,81 Hauk Parkway,796-644-4460
Alister,Kirby,2018-06-10,akirby7s@craigslist.org,35 Little Fleur Trail,950-491-2822
Dora,Lamartine,2018-06-28,dlamartine7t@1688.com,67 Maple Lane,849-515-3578
Molli,Ancliffe,2018-06-29,mancliffe7u@mail.ru,431 Corry Way,985-416-9534
Faunie,Stratley,2018-07-28,fstratley7v@foxnews.com,18409 Becker Court,226-740-3911
Ignace,Tarzey,2018-04-10,itarzey7w@goodreads.com,506 Holmberg Plaza,573-111-2835
Estella,Ganley,2018-06-18,eganley7x@delicious.com,4 Prairie Rose Park,917-275-6016
Robenia,Perrott,2018-09-30,rperrott7y@nydailynews.com,346 Petterle Point,113-365-4421
Albie,Seivwright,2018-06-24,aseivwright7z@pbs.org,63 Kipling Pass,305-404-8678
Hashim,Fawdrie,2018-07-16,hfawdrie80@spotify.com,8355 Mifflin Road,345-571-9570
Lind,Le Barr,2018-08-20,llebarr81@reddit.com,5 Burning Wood Park,852-592-7210
Shelia,Ulyatt,2018-06-01,sulyatt82@yellowpages.com,7347 Bartelt Point,283-478-0509
Spense,Keedwell,2018-04-28,skeedwell83@macromedia.com,23 Eastlawn Street,226-526-9727
Tracey,Jirasek,2017-11-19,tjirasek84@t.co,5415 Nancy Lane,707-855-4360
Celle,Delaney,2018-02-15,cdelaney85@un.org,73 Oak Road,603-245-8733
Dorothee,Ferrucci,2018-03-11,dferrucci86@chronoengine.com,95 Blackbird Pass,114-603-6570
Kati,Bilbery,2018-02-17,kbilbery87@princeton.edu,54 Troy Trail,427-365-1692
Maynard,Shedd,2018-06-28,mshedd88@people.com.cn,47 Roxbury Road,707-727-8071
Clayson,Itzcovichch,2018-03-23,citzcovichch89@amazon.co.jp,80221 Dexter Crossing,430-775-5816
Eleen,Handmore,2018-06-30,ehandmore8a@sun.com,3254 Delladonna Terrace,234-757-1412
Antonius,Gibke,2018-06-14,agibke8b@buzzfeed.com,95 Jackson Center,198-791-2000
Archibald,Lafont,2018-11-09,alafont8c@java.com,18773 Prairie Rose Plaza,603-734-9189
Evangelin,Le Leu,2018-03-22,eleleu8d@google.com.au,92 Anthes Center,649-944-4225
Mac,Gidley,2018-07-20,mgidley8e@fastcompany.com,6327 Springview Circle,910-538-5519
Martyn,Fansy,2018-09-16,mfansy8f@webnode.com,64012 Dawn Avenue,524-266-6005
Bernadine,Youson,2018-09-17,byouson8g@freewebs.com,18637 Grim Drive,792-644-8806
Felice,Bremmell,2018-10-30,fbremmell8h@multiply.com,2 Monument Way,792-625-2609
Jeana,Fader,2018-01-09,jfader8i@spiegel.de,658 Everett Trail,861-880-0163
Barnaby,Clavering,2018-04-19,bclavering8j@smugmug.com,30 Mccormick Road,915-392-4465
Nancie,Alexandersen,2018-08-06,nalexandersen8k@zdnet.com,9 Walton Circle,823-645-9251
Candie,Hariot,2018-04-27,chariot8l@printfriendly.com,84 Summerview Circle,909-455-5874
Rodd,Heatlie,2018-01-13,rheatlie8m@dailymail.co.uk,2 3rd Road,339-662-0637
Clara,Rizzetti,2018-08-23,crizzetti8n@goo.ne.jp,18243 Oakridge Plaza,733-906-6603
Kingsly,Cocci,2018-06-26,kcocci8o@alibaba.com,708 Sheridan Street,311-487-2232
Viva,Barfitt,2018-08-28,vbarfitt8p@studiopress.com,5 Elka Way,367-646-0383
Munroe,Cassey,2018-08-15,mcassey8q@list-manage.com,5 Melrose Lane,845-950-9000
Henrik,Faragher,2018-06-05,hfaragher8r@independent.co.uk,352 Green Alley,359-514-8686
Ruperta,Sommerling,2018-05-10,rsommerling8s@reuters.com,3169 Lindbergh Drive,931-481-1676
Barbie,Holbury,2017-11-28,bholbury8t@yale.edu,4833 Derek Junction,813-299-9637
Ephraim,Lebell,2018-03-22,elebell8u@arizona.edu,162 Jana Way,917-518-1354
Cassius,Janway,2018-07-05,cjanway8v@hud.gov,6317 Spenser Lane,897-877-2991
Martina,Gallihaulk,2018-01-26,mgallihaulk8w@creativecommons.org,4391 Lawn Park,215-816-3712
Margret,Fentem,2018-07-25,mfentem8x@github.io,2246 Rusk Pass,429-924-6872
Dorian,Fansy,2018-10-12,dfansy8y@domainmarket.com,0 Oxford Center,590-465-9566
Harmonia,Franc,2018-09-08,hfranc8z@usda.gov,8 Fordem Street,857-248-6125
Robbie,Karpman,2018-03-04,rkarpman90@imageshack.us,596 Bunting Pass,136-281-1559
Charlotte,Gillhespy,2018-09-22,cgillhespy91@ucsd.edu,5771 Tomscot Street,877-414-1974
Meggie,Tudge,2018-05-07,mtudge92@cmu.edu,023 Moland Place,712-622-9137
Angil,Abberley,2018-03-13,aabberley93@globo.com,8 Kim Center,742-822-2926
Salmon,Mc Comb,2017-11-25,smccomb94@4shared.com,71 Quincy Court,654-726-4536
Giffer,Simo,2018-01-26,gsimo95@ebay.com,3446 Namekagon Lane,758-596-1141
Germayne,Cantle,2018-09-27,gcantle96@nytimes.com,718 Tennessee Center,293-991-4486
Courtnay,Brosoli,2018-01-05,cbrosoli97@boston.com,66899 Mifflin Plaza,140-550-3888
Audry,Ballintyne,2018-10-05,aballintyne98@phoca.cz,792 Ludington Point,235-656-8882
Lyndsay,Berick,2018-10-08,lberick99@google.ca,8400 Blaine Point,366-395-2024
Balduin,Bronot,2018-02-10,bbronot9a@whitehouse.gov,39 Milwaukee Terrace,746-791-8941
Bunni,Duffill,2018-05-17,bduffill9b@sina.com.cn,70994 Evergreen Crossing,910-943-1284
Eddy,Zincke,2017-11-29,ezincke9c@google.cn,81 Bluestem Drive,406-249-0337
Analiese,Bovis,2017-12-12,abovis9d@wikia.com,53 Dwight Street,432-853-3384
Dillon,Clingan,2018-02-18,dclingan9e@dot.gov,0 Shoshone Junction,208-764-5065
Jesus,Honack,2018-05-25,jhonack9f@nasa.gov,7 Mccormick Place,820-544-2108
Hadley,Winchcum,2018-08-24,hwinchcum9g@hp.com,70059 Petterle Avenue,739-121-0144
Quillan,Huggett,2018-06-06,qhuggett9h@google.com.hk,8 Saint Paul Terrace,985-694-4679
Casey,Doag,2018-01-15,cdoag9i@printfriendly.com,0 Maryland Street,711-669-9469
Jasmine,Fashion,2018-07-23,jfashion9j@i2i.jp,75522 Fremont Crossing,650-549-3993
Lorry,Allebone,2018-05-12,lallebone9k@linkedin.com,54416 Cottonwood Drive,442-105-6587
Noelyn,Lowson,2018-09-01,nlowson9l@washington.edu,739 Waubesa Pass,908-527-2466
Dore,Pulsford,2018-09-01,dpulsford9m@hexun.com,3 Commercial Plaza,124-678-4037
Alric,Eckly,2018-08-17,aeckly9n@flickr.com,6594 Hanson Center,821-502-7627
Herold,Malec,2018-11-01,hmalec9o@mozilla.com,15 Carioca Street,563-398-5581
Kessia,Washbrook,2018-05-05,kwashbrook9p@yandex.ru,225 Morrow Place,772-389-0649
Catharina,Byre,2018-02-11,cbyre9q@wikimedia.org,02748 Lillian Center,715-592-7213
Veronika,Moreby,2018-06-26,vmoreby9r@europa.eu,1693 Sachtjen Pass,546-290-3463
Rolfe,Nassey,2018-08-31,rnassey9s@dot.gov,152 Cordelia Road,788-466-7156
Cinderella,Wonfar,2018-10-13,cwonfar9t@woothemes.com,89409 Amoth Center,918-879-7035
Tab,Slide,2018-01-26,tslide9u@wsj.com,16 Carey Park,345-759-4842
Mikkel,Weems,2017-12-01,mweems9v@biglobe.ne.jp,982 Express Pass,774-100-9763
Gloriana,Baldacco,2018-09-21,gbaldacco9w@cnbc.com,529 Old Gate Street,302-495-1723
Kittie,Syred,2018-05-05,ksyred9x@seesaa.net,4 Crownhardt Center,293-208-5369
Rusty,Mollindinia,2018-01-30,rmollindinia9y@ftc.gov,286 Pond Point,724-630-5275
Rhodie,Gittings,2018-07-12,rgittings9z@qq.com,5 Pine View Alley,595-575-4052
Leonardo,Hanbridge,2018-01-26,lhanbridgea0@shutterfly.com,205 Oxford Park,722-506-1961
Nataniel,Hardage,2018-06-04,nhardagea1@arizona.edu,9 Waywood Drive,480-390-8021
Phillip,Kiernan,2017-11-26,pkiernana2@mozilla.org,8 2nd Hill,160-562-9278
Gwyneth,Chave,2018-07-13,gchavea3@sakura.ne.jp,3 Armistice Road,983-465-1782
Gilberte,Aleksandrev,2018-01-03,galeksandreva4@nih.gov,4 Karstens Alley,361-660-7246
Janessa,Cocking,2018-01-23,jcockinga5@devhub.com,953 Lunder Plaza,532-332-0402
Lazar,Beilby,2018-08-04,lbeilbya6@go.com,3 Meadow Ridge Hill,995-281-7525
Evangelia,Sendall,2017-12-26,esendalla7@google.fr,727 Talmadge Pass,907-314-5650
Randell,Allbones,2017-12-20,rallbonesa8@guardian.co.uk,35 Crowley Point,846-521-8775
Hewet,Theobald,2018-04-06,htheobalda9@chron.com,7036 Crescent Oaks Junction,873-498-1351
Abra,Misk,2018-01-09,amiskaa@yahoo.co.jp,095 Lunder Trail,249-533-9486
Amie,Chestnutt,2018-03-19,achestnuttab@51.la,0260 Killdeer Crossing,225-387-5572
Xavier,Ratcliff,2018-02-18,xratcliffac@ifeng.com,3 Granby Trail,862-548-7861
Guendolen,Crinage,2018-02-19,gcrinagead@nba.com,16440 Messerschmidt Street,203-272-6523
Carrissa,Willford,2018-05-26,cwillfordae@microsoft.com,300 Almo Circle,144-414-6798
Kelcie,Bitchener,2018-09-02,kbitcheneraf@redcross.org,6871 Rowland Center,511-166-8964
Chlo,Wearn,2018-04-12,cwearnag@newyorker.com,176 Kipling Alley,791-642-9090
Melanie,Lidgely,2018-09-29,mlidgelyah@networksolutions.com,782 Graceland Crossing,244-264-7912
Sophi,Rupp,2018-03-30,sruppai@cam.ac.uk,52 Kim Court,165-223-0735
Daren,Duxbury,2018-02-18,dduxburyaj@hc360.com,13892 American Road,178-305-3600
Carlo,Scritch,2017-11-19,cscritchak@mtv.com,51915 Heath Pass,214-160-2735
Araldo,Frostdick,2018-06-02,afrostdickal@nyu.edu,21 4th Plaza,267-703-0027
Merl,Chatelain,2018-11-12,mchatelainam@businesswire.com,2 Kropf Circle,283-916-3847
Garrik,Allred,2018-04-11,gallredan@domainmarket.com,6 Merrick Road,387-448-8958
Sylvia,Wolfarth,2018-08-21,swolfarthao@w3.org,56053 Roxbury Road,266-341-8839
Dianna,Sutor,2018-05-21,dsutorap@virginia.edu,213 Pepper Wood Avenue,687-183-0999
Joly,Northing,2018-09-02,jnorthingaq@privacy.gov.au,30 Valley Edge Alley,328-507-0046
Willy,Verrillo,2018-10-17,wverrilloar@reddit.com,64 Manitowish Place,902-277-4881
Alysia,Thwaite,2018-10-26,athwaiteas@gravatar.com,627 Dwight Avenue,333-111-9426
Mallory,Tyer,2017-12-08,mtyerat@delicious.com,96 Del Mar Avenue,576-395-9494
Kynthia,Weekland,2018-07-29,kweeklandau@exblog.jp,98 Mcguire Avenue,626-763-1516
Ellis,Esplin,2018-03-16,eesplinav@nyu.edu,02 Browning Way,630-286-7402
Brien,Fiander,2017-12-29,bfianderaw@msu.edu,9069 Mosinee Parkway,399-611-6249
Teddie,Bothams,2018-11-07,tbothamsax@army.mil,89 Mendota Road,793-198-7970
Hedda,Casson,2018-03-15,hcassonay@squidoo.com,01866 Huxley Place,999-948-5050
Amii,McIlmorie,2018-04-19,amcilmorieaz@miitbeian.gov.cn,77 Sherman Court,990-369-1719
Ludwig,Lamborne,2018-01-23,llamborneb0@posterous.com,972 Monterey Point,389-549-5243
Erasmus,Penke,2018-09-04,epenkeb1@sohu.com,867 Sloan Alley,633-607-2189
Alwin,Leheude,2018-09-05,aleheudeb2@nymag.com,90703 Sullivan Road,249-315-1630
Christyna,Finci,2018-08-18,cfincib3@comcast.net,191 Truax Road,636-959-1653
Emelen,Ellington,2018-04-11,eellingtonb4@bandcamp.com,57 Rowland Park,676-710-2200
Jennine,Powdrell,2018-03-25,jpowdrellb5@hud.gov,5 Orin Plaza,234-180-1793
Kermy,Eldon,2018-05-14,keldonb6@4shared.com,847 Muir Plaza,776-650-0173
Terrill,Juszkiewicz,2018-05-14,tjuszkiewiczb7@sourceforge.net,03 Dapin Street,112-927-1206
Correy,Paliser,2017-12-22,cpaliserb8@behance.net,6056 Kings Plaza,378-695-2728
Doreen,Noyce,2018-08-19,dnoyceb9@sourceforge.net,8632 Anniversary Trail,568-715-9903
Cory,Skilling,2018-05-24,cskillingba@purevolume.com,2421 Meadow Vale Point,320-448-9372
Salem,Bosher,2018-07-01,sbosherbb@ucla.edu,72210 Bluejay Park,345-558-4197
Edithe,Landis,2018-06-16,elandisbc@wisc.edu,95 Namekagon Drive,439-635-2556
Alta,Torregiani,2018-03-19,atorregianibd@myspace.com,3 Randy Street,946-800-0533
Biron,Standish,2018-05-08,bstandishbe@rakuten.co.jp,458 Harbort Junction,159-621-8521
Web,Simenot,2018-02-26,wsimenotbf@admin.ch,02 Westerfield Park,902-170-0155
Claribel,Slot,2018-03-06,cslotbg@geocities.com,32 Northview Place,472-319-9240
Milzie,Fielder,2018-03-14,mfielderbh@cbslocal.com,20 Prentice Alley,406-555-5986
Rodrick,Fullard,2018-11-12,rfullardbi@adobe.com,17720 Porter Circle,126-670-1371
Bronson,Swanborough,2017-12-08,bswanboroughbj@amazon.com,99 Continental Parkway,771-973-2559
Christabel,Shinner,2018-01-22,cshinnerbk@quantcast.com,93141 Warrior Pass,869-298-1221
Gale,Buntain,2017-12-22,gbuntainbl@si.edu,7 Fisk Way,136-743-5392
Eduard,Barrow,2017-12-09,ebarrowbm@dailymotion.com,6 Laurel Court,258-365-1217
Felice,Ricca,2018-04-20,friccabn@instagram.com,6 Bartillon Court,526-193-3761
Carny,McLernon,2018-01-25,cmclernonbo@imgur.com,3 Miller Parkway,658-441-1107
Cloris,Dand,2018-09-24,cdandbp@shinystat.com,18 Clyde Gallagher Trail,524-756-3335
Ethelbert,Pridmore,2018-02-04,epridmorebq@latimes.com,29 Milwaukee Street,272-659-4544
Shawnee,Ridgeway,2018-08-08,sridgewaybr@hc360.com,3099 Clyde Gallagher Plaza,439-522-6689
Beverley,Setch,2018-08-03,bsetchbs@quantcast.com,9 Carey Drive,269-882-5679
Frederick,Shillum,2018-09-28,fshillumbt@salon.com,7 Sunfield Circle,384-843-3943
Marcelle,Bewshire,2018-08-08,mbewshirebu@ox.ac.uk,22 Del Sol Alley,516-985-5182
Ana,Proppers,2018-01-23,aproppersbv@businessweek.com,053 Bowman Parkway,432-619-0911
Roxanne,Wimsett,2018-09-12,rwimsettbw@dailymail.co.uk,76 Bunting Hill,732-303-1799
Shandy,Riditch,2018-06-09,sriditchbx@census.gov,57068 Nelson Crossing,994-729-4362
Demetria,Yurkiewicz,2018-01-11,dyurkiewiczby@slate.com,26004 Oxford Place,861-306-0026
Charmane,Akers,2018-05-31,cakersbz@bbb.org,88 Thompson Pass,770-642-0152
Vivia,Pendall,2017-12-16,vpendallc0@howstuffworks.com,591 Kings Point,499-584-8829
Livia,Birckmann,2018-02-27,lbirckmannc1@nationalgeographic.com,814 Mcbride Place,155-559-0374
Barrie,Povah,2018-10-01,bpovahc2@last.fm,4886 Trailsway Center,836-910-8909
Lynnette,Elsay,2018-05-03,lelsayc3@nature.com,03 Del Sol Plaza,131-534-9303
Eyde,Mullineux,2018-01-07,emullineuxc4@pbs.org,84 Hayes Circle,865-392-1154
Josy,Heaps,2017-12-13,jheapsc5@wiley.com,7102 Loeprich Terrace,388-137-2685
Ysabel,McPartling,2018-10-05,ymcpartlingc6@yellowbook.com,97578 Welch Drive,975-784-2024
Calvin,Pim,2018-09-16,cpimc7@upenn.edu,088 Maple Court,932-465-3626
Jarvis,Woodruff,2018-09-19,jwoodruffc8@earthlink.net,40 Carberry Drive,693-426-7204
Zena,Heinsh,2018-02-08,zheinshc9@cpanel.net,502 Melrose Park,229-299-9629
Cordula,Shulem,2018-11-01,cshulemca@hibu.com,4582 Melby Alley,216-297-1875
Bambi,Lomasna,2018-01-14,blomasnacb@jigsy.com,57 Scoville Trail,554-811-6777
Garey,Enevold,2018-06-30,genevoldcc@theglobeandmail.com,1 Petterle Crossing,303-134-8169
Smitty,Tibbotts,2018-03-29,stibbottscd@cnbc.com,7 Ohio Center,177-622-2454
Gerda,Sieve,2018-07-16,gsievece@google.ru,0 Armistice Way,419-767-4292
Cordell,Darley,2018-07-08,cdarleycf@qq.com,14 Loomis Junction,788-527-4112
Sherwood,Clewlowe,2018-08-27,sclewlowecg@flavors.me,9 Melby Hill,995-443-7578
Torrey,Windross,2018-05-29,twindrossch@smugmug.com,57 Glendale Street,743-605-5066
Ulla,Downgate,2018-09-04,udowngateci@nasa.gov,7 Lindbergh Avenue,632-619-6771
Margeaux,Eicke,2018-07-29,meickecj@free.fr,01 Schlimgen Crossing,460-973-8423
Raine,Lark,2018-01-27,rlarkck@java.com,60 Quincy Alley,906-579-3181
Emilia,Eccleshare,2018-06-05,eecclesharecl@g.co,51009 Esker Terrace,367-366-4698
Marley,Ivashnyov,2018-08-22,mivashnyovcm@xrea.com,96157 Atwood Terrace,359-822-7303
Abeu,Mottershaw,2017-12-23,amottershawcn@nbcnews.com,9831 Corry Hill,691-349-3908
Lesya,Skein,2018-04-17,lskeinco@salon.com,03 Cottonwood Park,653-693-5473
Broderick,Kermode,2018-07-23,bkermodecp@amazon.co.uk,0 Donald Trail,915-960-3226
Brad,Reen,2018-05-13,breencq@1688.com,7643 Carpenter Junction,841-736-8345
Lavinie,Presnail,2018-03-06,lpresnailcr@accuweather.com,668 Derek Plaza,807-798-7204
Evey,Cuthbertson,2018-02-12,ecuthbertsoncs@cnn.com,72 Melby Circle,931-720-3978
Ulises,Ganley,2017-12-15,uganleyct@sfgate.com,7 Calypso Point,887-264-4374
Garrick,Fishley,2018-08-17,gfishleycu@1688.com,23385 Manufacturers Terrace,472-801-3380
Monah,Pedwell,2018-05-27,mpedwellcv@va.gov,290 Graedel Crossing,571-984-0509
Nev,Guyver,2018-06-30,nguyvercw@amazon.de,0 Jenifer Alley,467-815-1021
Rudolph,Ashpole,2018-02-22,rashpolecx@google.fr,3 Menomonie Center,209-101-5574
Madalena,Quayle,2017-11-20,mquaylecy@netlog.com,14 Harbort Junction,992-648-8789
Arliene,Heaselgrave,2017-12-15,aheaselgravecz@loc.gov,23403 Cottonwood Drive,512-705-8678
Tye,Orpwood,2018-10-26,torpwoodd0@nasa.gov,59005 Jenifer Drive,994-935-7975
Tremain,Bunning,2018-04-14,tbunningd1@state.tx.us,85689 Moland Terrace,260-320-6995
Aloysia,Hathwood,2018-09-26,ahathwoodd2@networkadvertising.org,9 Anniversary Junction,587-688-1932
Walker,Scraggs,2017-12-11,wscraggsd3@sitemeter.com,95448 Spenser Drive,868-338-5544
Adham,Orriss,2017-11-17,aorrissd4@utexas.edu,1031 Farragut Parkway,757-537-7259
Genevieve,Danzig,2018-09-30,gdanzigd5@xrea.com,27 Jackson Crossing,512-641-4173
Carleen,Harriagn,2018-04-15,charriagnd6@dell.com,5970 Lukken Park,211-858-6707
Tucky,Castellaccio,2018-02-05,tcastellacciod7@army.mil,79 Muir Street,446-252-8189
Ulric,O'Hannen,2018-03-11,uohannend8@nytimes.com,9 Clemons Way,447-843-9511
Tine,Rumke,2018-04-12,trumked9@auda.org.au,4 Hauk Way,630-739-7266
Gerianna,Verrick,2017-11-18,gverrickda@friendfeed.com,7 Garrison Park,263-458-6224
Conrad,Mewes,2018-07-17,cmewesdb@walmart.com,69081 Dorton Point,577-365-4438
Gerri,Bridgeman,2017-12-09,gbridgemandc@newsvine.com,22458 Fieldstone Avenue,624-594-3926
Gwyneth,Sulley,2018-07-06,gsulleydd@ed.gov,5 Village Green Plaza,397-273-4021
Chauncey,Clifford,2018-09-03,ccliffordde@dot.gov,1 Debra Drive,560-594-1012
Clarabelle,Hanes,2018-01-03,chanesdf@e-recht24.de,27204 Center Junction,753-706-2754
Maynord,Edmett,2018-08-18,medmettdg@cdbaby.com,911 North Park,709-872-8280
Hephzibah,Chessman,2018-01-12,hchessmandh@pen.io,8 Bunting Park,320-227-6863
Alissa,Wanek,2018-08-25,awanekdi@twitter.com,1137 Elka Circle,975-617-6427
Finn,Besemer,2018-06-01,fbesemerdj@angelfire.com,5909 Dexter Street,377-291-7600
Clio,Asson,2018-10-05,cassondk@loc.gov,2 Jana Place,746-302-7082
Gardiner,Surgood,2018-02-26,gsurgooddl@lycos.com,622 Village Green Trail,544-887-1744
Fairleigh,Royce,2018-04-14,froycedm@wired.com,1383 Rusk Crossing,262-983-8559
Lewes,McElhinney,2018-09-18,lmcelhinneydn@tripod.com,8969 Brickson Park Pass,768-127-0323
Carmelina,De Ruel,2018-05-11,cderueldo@opera.com,7537 Sachtjen Pass,481-441-9712
Temp,Gunson,2017-12-03,tgunsondp@over-blog.com,5 Bluejay Place,662-154-4130
Hally,Madgwick,2018-07-11,hmadgwickdq@netlog.com,34680 Shelley Pass,363-757-0542
Franz,Adacot,2018-09-19,fadacotdr@alibaba.com,24 Burrows Crossing,686-890-8466
Werner,Marcam,2018-07-15,wmarcamds@ehow.com,5 Eagle Crest Place,938-121-7294
Nanny,Cheshir,2018-04-20,ncheshirdt@sciencedirect.com,0 Gateway Alley,901-630-5437
Brenden,Ojeda,2018-10-04,bojedadu@theglobeandmail.com,88 East Road,856-297-6253
Cleve,Clipson,2018-05-16,cclipsondv@tinypic.com,57901 Wayridge Junction,435-979-6948
Harwell,Shiliton,2018-07-17,hshilitondw@github.io,09 Mendota Way,125-328-6472
Bonita,Guarin,2018-07-22,bguarindx@ft.com,971 Victoria Hill,998-888-0213
Kipper,Lemon,2018-06-01,klemondy@cmu.edu,542 Bartillon Lane,577-862-8834
Marcellus,Brunsen,2018-04-17,mbrunsendz@pagesperso-orange.fr,87279 Almo Circle,203-236-8048
Coral,Killeley,2018-04-19,ckilleleye0@github.io,44 Northport Court,182-877-0618
Lina,Crews,2018-08-11,lcrewse1@chicagotribune.com,445 Fulton Hill,647-587-6592
Charlie,Furphy,2018-05-24,cfurphye2@opensource.org,947 Fordem Street,311-212-1032
Ali,Ruddom,2018-05-18,aruddome3@i2i.jp,8039 Lindbergh Alley,670-744-3965
Kesley,Poolton,2018-08-03,kpooltone4@biglobe.ne.jp,5427 Hauk Junction,613-213-3535
Germain,Mapson,2018-07-14,gmapsone5@is.gd,965 Knutson Parkway,212-171-9338
Prudence,Deakan,2018-06-30,pdeakane6@mysql.com,4758 Warner Pass,484-458-1848
Opaline,O'Feeny,2017-12-11,oofeenye7@samsung.com,27 Vernon Road,820-998-6195
Aeriel,Gatfield,2017-12-19,agatfielde8@youtu.be,73 Tomscot Center,302-458-9198
Ranee,Baldrey,2018-01-02,rbaldreye9@reverbnation.com,5 Prairieview Road,290-836-3554
Guthrey,Roscow,2018-01-18,groscowea@homestead.com,56567 Graceland Road,300-791-3110
Taite,Mattersley,2017-12-30,tmattersleyeb@zimbio.com,67560 Amoth Trail,976-209-0972
Sasha,Roddick,2018-09-14,sroddickec@abc.net.au,735 School Point,132-589-2369
Irving,Ramsden,2018-08-14,iramsdened@alibaba.com,900 Lillian Center,129-417-2527
Melamie,Skirvin,2017-11-27,mskirvinee@biblegateway.com,774 Sundown Center,538-380-8827
Humphrey,Clamo,2018-05-19,hclamoef@huffingtonpost.com,51618 Veith Avenue,431-633-2933
Zita,Maneylaws,2018-02-05,zmaneylawseg@opera.com,27786 Jana Drive,874-268-8848
Lindy,Farmer,2017-12-09,lfarmereh@discuz.net,08 Milwaukee Parkway,128-339-8202
Janek,Stathor,2018-08-04,jstathorei@vistaprint.com,6524 Melrose Road,627-946-5330
Denny,Moakes,2018-02-03,dmoakesej@blinklist.com,16 Elmside Trail,204-323-4230
Andra,Martygin,2018-04-09,amartyginek@go.com,8275 Dunning Junction,818-351-3158
Hyman,Belt,2018-07-15,hbeltel@prweb.com,7092 Cordelia Park,248-366-8546
Albrecht,Grigore,2018-08-28,agrigoreem@joomla.org,7702 Bonner Parkway,978-836-4947
Colby,Dollar,2018-10-01,cdollaren@npr.org,894 Dryden Plaza,251-651-5684
Phillipe,McClinton,2018-08-29,pmcclintoneo@reference.com,8426 Sugar Way,883-493-2930
Jo-ann,Pettisall,2017-12-08,jpettisallep@blinklist.com,7 Sycamore Trail,925-945-5946
Lenora,Rizzetti,2018-11-11,lrizzettieq@barnesandnoble.com,63 Sutherland Center,827-503-5536
Heinrick,Maving,2018-07-05,hmavinger@parallels.com,79329 Pierstorff Street,964-342-2511
Antonie,Thompson,2018-02-23,athompsones@icq.com,12741 Menomonie Way,749-679-5301
Honey,Hannaby,2018-04-25,hhannabyet@domainmarket.com,79884 Pine View Point,839-968-6252
Roz,Lawes,2018-02-08,rlaweseu@sina.com.cn,441 Sheridan Circle,540-439-4126
Robinett,Teese,2018-02-03,rteeseev@myspace.com,91007 West Avenue,231-573-5856
Lindsey,Briereton,2017-12-30,lbrieretonew@printfriendly.com,8296 Hollow Ridge Hill,799-634-2193
Cayla,Endicott,2018-11-12,cendicottex@arstechnica.com,74303 Meadow Vale Trail,169-473-9247
Janis,McAusland,2018-04-09,jmcauslandey@blogspot.com,9344 Farragut Avenue,424-378-3875
Harv,Alton,2018-08-28,haltonez@reddit.com,981 Esker Street,178-344-4137
Casandra,Ornils,2018-04-02,cornilsf0@reference.com,0 Havey Plaza,853-112-0644
Shantee,Found,2018-02-03,sfoundf1@cdc.gov,25 Haas Avenue,751-811-0433
Lloyd,Runcieman,2018-08-19,lrunciemanf2@amazon.co.jp,50486 Ridgeway Pass,557-230-4866
Isis,Tregenza,2018-06-10,itregenzaf3@sitemeter.com,9 6th Parkway,341-750-3172
Jenelle,Thorburn,2017-11-18,jthorburnf4@howstuffworks.com,1 Macpherson Circle,891-700-5694
Ashien,Gibson,2018-10-31,agibsonf5@qq.com,76 Ridgeview Plaza,790-399-8828
Inness,Pinchbeck,2018-06-19,ipinchbeckf6@umich.edu,34303 Fairview Street,177-226-1292
Carmine,Jecock,2018-04-13,cjecockf7@zimbio.com,2702 Bay Plaza,202-307-7076
Salem,Permain,2018-01-06,spermainf8@yellowbook.com,446 Waxwing Pass,721-375-8398
Humphrey,Jancik,2018-01-11,hjancikf9@t.co,560 Sullivan Crossing,683-452-8743
Corette,Pilipyak,2017-12-13,cpilipyakfa@ftc.gov,603 Merchant Junction,401-591-8316
Ebony,Scriviner,2018-07-31,escrivinerfb@msn.com,0 Schurz Park,139-756-7672
Lotta,Peckitt,2018-03-26,lpeckittfc@nationalgeographic.com,9 Forest Run Junction,825-660-2284
Chico,Rouby,2018-08-13,croubyfd@feedburner.com,6351 Rigney Park,144-821-4903
Crista,Shimony,2017-12-13,cshimonyfe@tinypic.com,37 Glacier Hill Center,168-976-2632
Inge,Dupoy,2018-07-12,idupoyff@google.co.uk,3265 Prairieview Way,874-417-2446
Vanda,Dilston,2018-01-24,vdilstonfg@ifeng.com,61 Miller Point,797-566-1530
Shanta,Eagers,2018-06-28,seagersfh@comcast.net,7 Del Mar Street,480-401-1915
Tory,Penton,2018-08-10,tpentonfi@thetimes.co.uk,1 Main Junction,303-362-2956
Jada,Sellors,2018-08-31,jsellorsfj@lulu.com,64499 Eagle Crest Point,642-598-0485
Marcia,Goldwater,2018-02-11,mgoldwaterfk@twitter.com,99379 Ohio Point,865-467-9028
Cam,Tassell,2018-10-13,ctassellfl@i2i.jp,364 Hayes Center,838-844-5534
Abbye,Rohloff,2017-12-02,arohlofffm@phoca.cz,35 Algoma Lane,752-322-3957
Stanislas,Ciobotaru,2018-05-26,sciobotarufn@rediff.com,31411 Canary Court,669-303-7047
Charlot,Muller,2018-01-02,cmullerfo@youtube.com,104 Montana Drive,249-492-9680
Herve,Fane,2017-11-30,hfanefp@clickbank.net,3 Sycamore Hill,143-634-1446
Alli,Shrimplin,2018-02-04,ashrimplinfq@omniture.com,5136 Prairieview Park,154-438-8262
Sophey,Berecloth,2018-04-07,sbereclothfr@vk.com,51 Emmet Lane,461-905-0184
Correy,Olechnowicz,2017-12-23,colechnowiczfs@clickbank.net,1 Debra Alley,385-137-7348
Beniamino,Girardengo,2018-09-26,bgirardengoft@dell.com,8227 Heath Pass,952-709-3936
Alessandra,Gwyn,2018-10-30,agwynfu@thetimes.co.uk,022 Southridge Parkway,340-825-9533
Wolf,Chill,2018-01-21,wchillfv@icio.us,11263 Kennedy Way,275-462-3393
Nero,Danieli,2018-10-08,ndanielifw@youtu.be,8 Talisman Avenue,932-121-7213
Kellsie,Le Surf,2018-05-08,klesurffx@mtv.com,599 Toban Drive,749-421-8072
Anna,Sire,2018-02-15,asirefy@altervista.org,56 Pine View Hill,891-105-1169
Carmelia,McGhie,2017-12-03,cmcghiefz@xinhuanet.com,113 Lakeland Point,544-532-0694
Caleb,Reneke,2018-03-12,crenekeg0@shop-pro.jp,0815 Monument Point,623-943-0198
Anetta,Lechelle,2018-08-29,alechelleg1@liveinternet.ru,2194 Jenifer Drive,293-835-4934
Gale,McIlvenna,2018-01-13,gmcilvennag2@google.com.au,8222 Laurel Circle,399-950-7517
Guglielma,Stace,2018-07-26,gstaceg3@elegantthemes.com,958 La Follette Way,626-415-1411
Tadd,MacAnelley,2018-06-12,tmacanelleyg4@instagram.com,52 Bowman Alley,580-750-1928
Sybilla,Marioneau,2017-12-10,smarioneaug5@freewebs.com,5893 Wayridge Alley,295-262-5264
Guglielmo,Scullard,2018-04-16,gscullardg6@acquirethisname.com,45372 Fairfield Point,623-249-7592
Krystalle,Rabbitt,2018-06-28,krabbittg7@nasa.gov,13 Corry Point,634-536-9965
Rosanne,Woodfine,2018-08-16,rwoodfineg8@desdev.cn,0770 Hudson Pass,820-979-5842
Emily,Melmar,2018-04-02,emelmarg9@mit.edu,95554 New Castle Alley,397-464-4229
Felix,Duding,2018-08-15,fdudingga@issuu.com,72513 Quincy Road,253-123-9562
Carl,Fenix,2018-05-31,cfenixgb@so-net.ne.jp,513 Kedzie Drive,315-463-3051
Dexter,Clampton,2017-12-15,dclamptongc@washingtonpost.com,98570 Ridgeview Place,457-331-8682
Cristine,Mulrenan,2018-06-24,cmulrenangd@wikipedia.org,061 Sauthoff Center,478-988-3012
Shaun,Bein,2018-04-15,sbeinge@tripadvisor.com,463 Gale Crossing,773-898-7375
Blondelle,Ceeley,2017-11-22,bceeleygf@nba.com,9364 Maywood Circle,531-588-8801
Lanita,Galbraeth,2018-10-31,lgalbraethgg@archive.org,669 Warbler Junction,406-817-4595
Shirl,Le Marchant,2018-05-03,slemarchantgh@barnesandnoble.com,69693 Rutledge Park,147-771-5044
Berti,Ryle,2018-08-20,brylegi@time.com,64 Bartillon Lane,473-853-9082
Amabel,Camosso,2018-05-18,acamossogj@purevolume.com,1 Village Green Circle,496-757-5153
El,Klassmann,2018-05-02,eklassmanngk@dropbox.com,88613 Tennyson Court,285-576-1438
Freeland,Chicchetto,2018-04-28,fchicchettogl@stumbleupon.com,8 Sunnyside Way,652-851-3822
Thaddeus,Janson,2018-03-17,tjansongm@diigo.com,93216 Autumn Leaf Junction,515-722-1600
Gregg,Wakes,2018-09-02,gwakesgn@marriott.com,56 Glendale Trail,681-686-0206
Basilius,Kesten,2018-01-06,bkestengo@sphinn.com,182 Sycamore Drive,164-253-3847
Scott,Pullar,2018-07-01,spullargp@dedecms.com,31 Graedel Street,105-284-5129
Guendolen,Prescot,2017-12-07,gprescotgq@google.com.br,96781 Londonderry Court,194-115-3863
Chris,Fosberry,2018-06-09,cfosberrygr@gmpg.org,65989 Eggendart Trail,746-462-2035
Donn,De Bischof,2018-05-24,ddebischofgs@dot.gov,05338 Delladonna Point,821-518-2710
Ainslee,Jenner,2018-09-01,ajennergt@shop-pro.jp,93197 Division Parkway,369-839-1540
Gratia,Houlton,2018-02-03,ghoultongu@guardian.co.uk,3112 Crest Line Hill,406-439-3584
Vic,Buckham,2018-11-06,vbuckhamgv@latimes.com,014 Granby Plaza,114-260-2638
Debora,Buckhurst,2018-10-30,dbuckhurstgw@shop-pro.jp,527 Atwood Center,788-616-3105
Dawna,Klainman,2018-05-04,dklainmangx@businessinsider.com,24765 Summerview Road,336-950-7214
Alanah,Dixey,2017-12-14,adixeygy@theguardian.com,7 Upham Junction,692-171-3478
Whitney,Flahive,2018-05-10,wflahivegz@homestead.com,481 Trailsway Point,323-332-0149
Junina,Salliere,2018-08-24,jsalliereh0@wikia.com,7461 Memorial Circle,451-688-9064
Kerwin,Farrin,2018-03-10,kfarrinh1@deviantart.com,3108 Waubesa Junction,646-294-2694
Catlin,Klossek,2018-08-29,cklossekh2@reverbnation.com,8073 Dovetail Trail,184-356-6937
Hilary,Van Cassel,2018-08-13,hvancasselh3@comsenz.com,2 Helena Circle,318-416-6129
Meggie,Colombier,2018-10-17,mcolombierh4@yellowpages.com,792 Sunbrook Pass,364-999-8863
Larissa,Demkowicz,2018-03-22,ldemkowiczh5@godaddy.com,2 Hoffman Drive,362-559-0114
Gustav,Minerdo,2018-08-03,gminerdoh6@deliciousdays.com,02 Village Green Place,697-235-1365
Constantia,Akram,2018-08-20,cakramh7@google.com.hk,78 Old Gate Way,101-150-3523
Lucina,Bene,2017-12-25,lbeneh8@yelp.com,4776 Union Trail,619-842-6618
Leeland,Petz,2018-01-01,lpetzh9@ycombinator.com,29308 Melby Center,796-596-2860
Kathryne,Caddan,2018-09-22,kcaddanha@gravatar.com,863 Hansons Plaza,382-673-1909
Myer,Noblett,2018-06-22,mnobletthb@virginia.edu,4041 Kenwood Parkway,683-932-2556
Ferguson,Vossgen,2018-05-15,fvossgenhc@posterous.com,92986 Swallow Park,145-523-3189
Devlin,Godfray,2018-06-04,dgodfrayhd@army.mil,58 Paget Plaza,108-930-3112
Ryann,Garrud,2018-04-17,rgarrudhe@gmpg.org,2898 Sundown Center,890-604-0059
Aurea,Milham,2018-08-10,amilhamhf@icio.us,6709 Ridgeview Plaza,571-571-2600
Sal,Krol,2018-09-19,skrolhg@yahoo.co.jp,10 Melvin Circle,555-906-3488
Herminia,Demsey,2017-12-10,hdemseyhh@alexa.com,23561 Darwin Hill,467-712-5129
Shelley,Balassa,2018-04-15,sbalassahi@paypal.com,90747 Lotheville Trail,144-725-1065
Crysta,Fishlock,2018-05-25,cfishlockhj@google.com.hk,0430 Linden Terrace,944-737-6486
Roman,Dutteridge,2018-07-05,rdutteridgehk@homestead.com,029 Colorado Trail,461-545-1400
Dido,Tomek,2018-07-21,dtomekhl@example.com,94324 Clarendon Parkway,284-700-3126
Tad,M'Chirrie,2018-02-07,tmchirriehm@google.es,7384 Merry Park,652-194-7059
Berenice,Bruhnke,2018-02-25,bbruhnkehn@auda.org.au,1090 Mallory Plaza,367-528-5513
Antoinette,Chazette,2018-08-10,achazetteho@bloglovin.com,343 Commercial Parkway,806-229-5746
Aloin,Freschini,2018-08-09,afreschinihp@mashable.com,6318 Riverside Drive,308-377-4742
Cynthea,Sign,2018-02-18,csignhq@epa.gov,25 Johnson Street,181-745-0072
Garfield,Beakes,2018-07-13,gbeakeshr@yahoo.co.jp,14 Dawn Lane,597-147-9384
Emmalyn,McCurlye,2017-12-10,emccurlyehs@newyorker.com,21 Summerview Terrace,330-780-1346
Royall,Fish,2018-04-16,rfishht@constantcontact.com,99659 Pennsylvania Way,705-801-7298
Jorie,Stacy,2018-10-30,jstacyhu@gizmodo.com,74 Center Way,129-962-4518
Isidro,Glentz,2018-11-02,iglentzhv@java.com,343 Burrows Plaza,890-229-7013
Quinlan,Zannelli,2018-09-10,qzannellihw@topsy.com,727 Acker Crossing,371-629-2485
Milena,Bushe,2018-05-05,mbushehx@buzzfeed.com,6 Valley Edge Lane,113-928-2851
Jodee,Kenwyn,2018-08-13,jkenwynhy@java.com,81 Dovetail Circle,441-889-8094
Jane,Troake,2018-04-29,jtroakehz@behance.net,19599 Bartelt Point,872-912-2215
Timoteo,Kahen,2018-01-26,tkaheni0@comcast.net,43 Beilfuss Hill,443-807-0227
Georgeanna,Giraudo,2018-09-18,ggiraudoi1@google.ru,238 Chinook Street,103-172-2245
Artie,Gibling,2018-09-13,agiblingi2@answers.com,86911 Forest Run Junction,852-262-1311
Shana,Sprowell,2017-11-27,ssprowelli3@google.ru,8 Forest Road,584-439-4647
Chlo,Robelin,2018-05-20,crobelini4@theguardian.com,34802 Meadow Valley Trail,303-806-0597
Homer,Jakoubek,2018-08-12,hjakoubeki5@mlb.com,5620 Melrose Parkway,386-321-6039
Vinita,Pickthorne,2018-01-29,vpickthornei6@yellowbook.com,36 Morrow Crossing,406-471-5255
Gifford,Bernardeschi,2017-12-15,gbernardeschii7@eepurl.com,56000 Holy Cross Place,282-538-7590
Mayor,Garrettson,2017-12-13,mgarrettsoni8@storify.com,98 Kennedy Junction,759-788-7294
Hersh,Marner,2018-02-09,hmarneri9@nyu.edu,258 Brentwood Circle,604-195-9828
Beverie,Laughlan,2017-11-18,blaughlania@technorati.com,24 Dapin Court,848-290-4003
Eileen,Oddboy,2017-12-24,eoddboyib@illinois.edu,914 2nd Street,597-555-2031
Omar,Hollier,2017-11-17,ohollieric@about.com,60 Maple Park,508-839-4914
Nahum,Beccles,2018-09-19,nbecclesid@reddit.com,61 Florence Circle,770-961-7005
Debra,Steketee,2018-10-26,dsteketeeie@google.co.uk,95 Doe Crossing Drive,211-786-4537
Nana,Shire,2018-08-01,nshireif@shutterfly.com,0 Derek Street,518-352-0437
Francisca,Bernhardt,2018-09-09,fbernhardtig@scientificamerican.com,252 Summit Road,546-405-4247
Mick,Ridoutt,2017-11-22,mridouttih@bandcamp.com,1641 Homewood Court,219-297-3496
Cherin,Crenshaw,2018-07-08,ccrenshawii@aboutads.info,08 Mesta Park,451-310-6950
Adler,Hauger,2018-02-25,ahaugerij@elegantthemes.com,147 Namekagon Crossing,135-879-6423
Franky,Glavis,2018-06-29,fglavisik@plala.or.jp,20225 Mesta Point,648-998-4596
Evangelia,Beddie,2018-08-22,ebeddieil@boston.com,4808 Fulton Junction,782-809-3511
Audrye,Crandon,2018-08-02,acrandonim@altervista.org,869 Harper Place,835-623-5459
Georgena,Georger,2018-07-18,ggeorgerin@baidu.com,671 Forest Run Street,824-750-6930
Boy,Caple,2018-03-13,bcapleio@theglobeandmail.com,1644 Heffernan Drive,923-274-0564
Ly,Linner,2018-03-01,llinnerip@diigo.com,3 Hollow Ridge Crossing,352-106-3515
Appolonia,Kilfether,2018-06-27,akilfetheriq@baidu.com,5706 Welch Plaza,818-956-8156
Alfy,Huggons,2018-01-28,ahuggonsir@un.org,03 Parkside Way,533-176-2085
Kim,Salvador,2017-11-18,ksalvadoris@tripadvisor.com,7 Melvin Circle,123-275-1738
Susie,Latimer,2018-08-30,slatimerit@angelfire.com,6 Esker Avenue,799-366-7298
Oriana,Jump,2018-05-31,ojumpiu@ow.ly,2182 Lawn Alley,429-869-1977
Currey,Harberer,2018-06-15,charbereriv@squidoo.com,5 Hauk Hill,830-915-4122
Violet,Smitten,2018-04-13,vsmitteniw@mozilla.org,1257 Maryland Drive,357-451-6787
Katleen,Hetterich,2018-01-15,khetterichix@infoseek.co.jp,9 Saint Paul Hill,145-332-1919
Opal,Moles,2018-03-09,omolesiy@stanford.edu,28 Barnett Plaza,966-228-1187
Arri,Archell,2017-12-08,aarchelliz@yellowpages.com,18334 Green Ridge Road,429-855-7661
Tiffanie,Morot,2018-07-06,tmorotj0@php.net,1876 Mallard Way,391-923-7325
Maximilianus,Pogson,2018-09-05,mpogsonj1@prweb.com,343 Alpine Point,246-849-6007
Farley,Allder,2018-07-01,fallderj2@yahoo.com,160 Prairie Rose Avenue,782-549-4212
Cyndie,Andrewartha,2018-11-01,candrewarthaj3@intel.com,97209 Porter Circle,112-399-2511
Geri,Ong,2018-07-11,gongj4@microsoft.com,4214 Carey Parkway,675-360-9249
Hilliard,Giordano,2018-06-19,hgiordanoj5@epa.gov,83218 Russell Parkway,128-426-9313
Shawna,Vizard,2018-01-20,svizardj6@ning.com,58167 Oneill Court,777-865-0125
Charis,Wolfindale,2018-01-27,cwolfindalej7@foxnews.com,5 Namekagon Junction,359-124-2719
Wash,Letherbury,2018-08-06,wletherburyj8@newsvine.com,4845 Anniversary Alley,358-532-3050
Baily,McPhelimy,2018-01-18,bmcphelimyj9@stumbleupon.com,099 5th Plaza,727-899-9039
Aloisia,Mallon,2018-03-27,amallonja@elegantthemes.com,20 Declaration Parkway,271-919-7354
Margo,Labbey,2017-11-26,mlabbeyjb@yellowbook.com,89 Bobwhite Avenue,810-494-2068
Jan,O'Cahey,2018-11-02,jocaheyjc@washington.edu,2998 Morning Hill,975-433-5309
Rosalinde,Skinner,2018-01-26,rskinnerjd@wordpress.org,10 Hauk Parkway,456-348-9434
Electra,Busby,2018-06-15,ebusbyje@spiegel.de,3 Bultman Park,183-552-9522
Layton,Crossdale,2018-05-24,lcrossdalejf@clickbank.net,6 Stuart Court,298-290-3402
Barclay,Pallis,2018-07-10,bpallisjg@sciencedaily.com,30 Nobel Junction,304-271-9074
Vivianna,Orlton,2018-03-25,vorltonjh@google.fr,804 Schmedeman Court,828-938-9127
Elwood,Culver,2018-01-27,eculverji@4shared.com,15635 Vernon Trail,745-769-2030
Garland,Durling,2018-08-28,gdurlingjj@uol.com.br,2096 Crownhardt Trail,284-152-5198
Starlin,Hargess,2018-03-11,shargessjk@microsoft.com,560 Old Gate Court,886-385-1829
Thomas,Attaway,2018-01-17,tattawayjl@privacy.gov.au,2856 Lyons Junction,842-108-7272
Natalee,Camois,2018-07-10,ncamoisjm@wordpress.com,95075 Mitchell Junction,865-742-3531
Bamby,Berresford,2018-10-25,bberresfordjn@jiathis.com,4921 Hansons Plaza,385-224-7968
Gunar,Batram,2018-05-06,gbatramjo@de.vu,71 Sutherland Junction,700-882-7530
Torrie,Summersby,2018-07-20,tsummersbyjp@angelfire.com,57891 Delladonna Junction,411-846-1437
Virgie,Broster,2018-05-26,vbrosterjq@opensource.org,8 Anzinger Junction,481-260-4097
Briggs,Temperley,2018-03-09,btemperleyjr@unblog.fr,30 Westport Center,291-643-9249
Griffith,Lawson,2018-06-25,glawsonjs@ihg.com,82409 Lerdahl Junction,109-605-9806
Lynda,Bryning,2018-04-03,lbryningjt@latimes.com,15 Old Shore Center,372-931-0503
Allistir,Coetzee,2018-03-08,acoetzeeju@xrea.com,456 Mallard Park,675-609-4080
Foss,Merriment,2017-12-22,fmerrimentjv@myspace.com,14632 Sauthoff Center,626-423-0812
Clemmie,Neem,2018-03-06,cneemjw@nps.gov,458 Scofield Trail,177-383-4815
Camille,Wessing,2018-05-31,cwessingjx@reddit.com,222 Kinsman Park,610-258-4137
Ludvig,Saur,2018-10-31,lsaurjy@list-manage.com,38935 Sloan Pass,910-407-3195
Olympe,Burnell,2018-08-19,oburnelljz@goo.gl,64 Mallory Trail,758-621-2720
Chicky,Peacocke,2017-12-30,cpeacockek0@addthis.com,60338 Golf Course Hill,697-955-1345
Nickie,Curr,2017-12-16,ncurrk1@omniture.com,955 Cordelia Plaza,506-692-4322
Paton,Frankowski,2018-04-11,pfrankowskik2@mysql.com,54691 Annamark Drive,537-148-4702
Jacquette,Utton,2018-04-17,juttonk3@usa.gov,0256 Armistice Park,935-256-8567
Tandie,McGlynn,2018-02-16,tmcglynnk4@webmd.com,14033 Service Terrace,531-146-9789
Korry,Heakins,2017-12-25,kheakinsk5@unblog.fr,1 Monica Junction,234-823-4172
Baryram,Licquorish,2018-05-06,blicquorishk6@slashdot.org,51 Canary Road,537-700-3618
Carleton,Bucke,2018-03-22,cbuckek7@tamu.edu,4385 Mifflin Plaza,745-355-1387
Arlinda,Dast,2018-08-25,adastk8@miibeian.gov.cn,817 Arrowood Junction,480-709-0811
Humberto,Spinage,2018-03-21,hspinagek9@flavors.me,017 Barnett Avenue,359-701-7639
Kaela,Thompson,2018-03-09,kthompsonka@rambler.ru,04889 Twin Pines Crossing,934-365-9556
Hilde,Bathow,2018-06-03,hbathowkb@chron.com,733 Hagan Plaza,741-119-7794
Kingsley,Fidal,2018-09-06,kfidalkc@yolasite.com,9 Sherman Circle,522-879-2495
Perrine,Prince,2018-07-08,pprincekd@photobucket.com,22137 Portage Trail,273-588-3090
Iolande,Pledge,2018-08-10,ipledgeke@freewebs.com,3983 Stuart Pass,567-127-9460
Leanora,Gerge,2017-11-29,lgergekf@cdbaby.com,0 Upham Court,554-250-6777
Allin,Wyvill,2018-09-17,awyvillkg@nifty.com,777 Buell Crossing,257-626-9899
Tybi,Blakeslee,2018-08-28,tblakesleekh@cafepress.com,17 Fairview Junction,116-311-4990
Sharona,Cuddy,2018-07-01,scuddyki@rediff.com,557 Kenwood Plaza,177-105-8841
Gwyn,Ridehalgh,2018-07-05,gridehalghkj@github.com,668 Hagan Terrace,774-436-3397
Christa,Dast,2018-10-08,cdastkk@howstuffworks.com,28510 Lerdahl Center,158-466-3724
Patrizius,Leaton,2018-05-19,pleatonkl@goo.gl,19 Rockefeller Circle,281-186-3296
Nicoli,Kinforth,2018-10-02,nkinforthkm@dropbox.com,11431 Laurel Point,595-605-1086
Jessie,Bandy,2018-11-11,jbandykn@quantcast.com,305 Washington Pass,444-223-2439
Murray,Vegas,2018-04-29,mvegasko@youtube.com,89056 Morrow Way,212-298-1099
Catarina,Spong,2018-11-12,cspongkp@wikimedia.org,1 Merry Hill,422-363-4423
Melany,Hoff,2018-07-20,mhoffkq@cmu.edu,0128 La Follette Avenue,999-184-8956
Janka,Instrell,2018-08-16,jinstrellkr@latimes.com,0385 Raven Circle,789-530-8850
Jane,Worshall,2018-06-22,jworshallks@infoseek.co.jp,76 Eastlawn Place,320-118-7781
Kassandra,Pareman,2018-09-18,kparemankt@biblegateway.com,7 Schurz Junction,258-145-4173
Angelico,Haydon,2018-08-24,ahaydonku@gmpg.org,32 Vermont Junction,509-660-4048
Hilarius,Fremantle,2017-12-19,hfremantlekv@wordpress.com,4 Oakridge Street,226-156-4011
Tobe,Marciek,2018-05-19,tmarciekkw@globo.com,96436 Anhalt Place,536-370-9484
Ailbert,Bartolomieu,2018-02-14,abartolomieukx@sourceforge.net,299 Esch Lane,129-768-0101
Catha,Bloyes,2018-07-10,cbloyesky@fema.gov,5880 Algoma Place,790-178-2877
Correna,Tobias,2018-07-03,ctobiaskz@uol.com.br,111 Lillian Alley,741-152-0905
Eolande,Birtwhistle,2018-08-22,ebirtwhistlel0@tinypic.com,147 Parkside Center,520-984-0537
Janela,Crawshaw,2018-03-21,jcrawshawl1@washington.edu,7 Golf Course Pass,437-252-4867
Simonette,Le Franc,2018-09-03,slefrancl2@archive.org,733 Evergreen Plaza,920-156-5037
Bendick,Ogilvie,2018-08-11,bogilviel3@storify.com,421 Rusk Place,139-133-8023
Jamal,Joddins,2018-10-09,jjoddinsl4@google.com,27472 Jenifer Way,411-338-2580
Geoff,O'Dogherty,2018-06-23,godoghertyl5@addtoany.com,1 Crest Line Court,337-814-8200
Rowena,Aymes,2018-11-11,raymesl6@devhub.com,09533 Luster Drive,359-871-4088
Aron,Jaimez,2018-10-30,ajaimezl7@tinypic.com,880 Truax Hill,489-808-1387
Base,Chmiel,2017-11-16,bchmiell8@independent.co.uk,95 Commercial Court,761-527-1989
Ellis,Joiris,2017-11-20,ejoirisl9@edublogs.org,28 West Parkway,729-443-7256
Karilynn,Tooker,2018-05-26,ktookerla@house.gov,42309 Eliot Road,739-525-7636
Aldo,Halliday,2018-09-14,ahallidaylb@sakura.ne.jp,1 South Crossing,535-628-9919
Gracie,Sprowell,2018-05-24,gsprowelllc@livejournal.com,3 Dapin Drive,976-594-1685
Wallas,Cantillon,2018-10-03,wcantillonld@sourceforge.net,3173 Kedzie Center,332-260-3670
Daryl,Armfield,2018-09-14,darmfieldle@state.tx.us,05675 Corscot Avenue,343-795-3659
Wadsworth,Oxtarby,2018-07-09,woxtarbylf@simplemachines.org,7392 Blackbird Park,305-448-1732
Lena,Spencelayh,2018-08-30,lspencelayhlg@nba.com,50700 Springview Alley,177-305-7624
Aindrea,Millmoe,2018-04-13,amillmoelh@xing.com,007 Buell Drive,879-434-2783
Lulu,Offiler,2018-10-20,loffilerli@slideshare.net,28 Golden Leaf Avenue,700-754-9613
Tera,Tosspell,2018-10-31,ttosspelllj@deliciousdays.com,2 Tony Plaza,420-852-6024
Conrade,Siebert,2018-06-14,csiebertlk@flickr.com,3248 Mcguire Lane,715-712-6978
Aretha,Chaudron,2018-07-12,achaudronll@china.com.cn,90 Farmco Pass,936-586-8564
Benny,Bauckham,2018-05-26,bbauckhamlm@dot.gov,629 Calypso Plaza,199-640-1206
Carena,Terbeek,2018-02-17,cterbeekln@unicef.org,99907 Butternut Center,519-356-7316
Errick,Sumner,2018-07-04,esumnerlo@booking.com,77737 Macpherson Court,971-481-8238
Francene,Hun,2018-09-25,fhunlp@google.com.hk,7959 Sycamore Way,678-140-1067
Diane,Muttock,2018-09-29,dmuttocklq@va.gov,67314 Northfield Avenue,934-709-3966
Esta,Scholey,2018-10-04,escholeylr@ovh.net,4 Delaware Circle,338-836-0515
Hartley,Puttergill,2018-06-06,hputtergillls@wsj.com,154 Loeprich Circle,543-363-5511
Gypsy,Males,2018-10-15,gmaleslt@independent.co.uk,30898 Haas Parkway,343-173-0151
Janella,Scala,2018-09-28,jscalalu@usnews.com,0 Sommers Road,554-343-1097
Theodora,Bettinson,2018-11-13,tbettinsonlv@state.gov,94500 Blue Bill Park Avenue,709-709-2668
Leda,Grono,2018-07-04,lgronolw@behance.net,755 Sherman Circle,458-555-5867
Livia,Doberer,2017-11-15,ldobererlx@google.com.br,05306 Novick Pass,783-629-0038
Dale,Dymond,2018-01-16,ddymondly@cdc.gov,7 Fisk Crossing,473-563-7642
Marigold,Gehringer,2018-01-07,mgehringerlz@feedburner.com,2340 Kipling Court,407-480-6226
Tiebold,Cains,2018-01-26,tcainsm0@ehow.com,89 Spenser Crossing,486-154-9493
Fredrick,Rydeard,2017-12-02,frydeardm1@ustream.tv,39 Hallows Alley,762-452-6085
Kerr,Lyste,2018-03-22,klystem2@trellian.com,4 Riverside Court,882-366-4069
Anthony,Ligertwood,2018-05-07,aligertwoodm3@gov.uk,311 Pennsylvania Crossing,979-396-3984
Eve,Jaquemar,2017-12-21,ejaquemarm4@homestead.com,3981 Linden Parkway,463-115-0326
Ilyse,Vassie,2018-03-22,ivassiem5@census.gov,63 Esker Way,316-991-9081
Bambie,Pithie,2018-03-11,bpithiem6@sogou.com,8162 Mallard Street,677-414-5292
Kincaid,Ramstead,2018-09-26,kramsteadm7@oaic.gov.au,622 Lien Hill,353-712-0122
Gothart,McComb,2018-06-24,gmccombm8@posterous.com,75 Boyd Place,626-691-5924
Quentin,Jacob,2018-05-06,qjacobm9@columbia.edu,85 Schurz Park,130-392-1609
Nat,Dobel,2018-07-21,ndobelma@storify.com,7 Goodland Way,840-792-9189
Darrel,Gracewood,2018-10-05,dgracewoodmb@cnn.com,3777 Moose Center,581-864-2002
Aldis,Woollcott,2018-03-18,awoollcottmc@list-manage.com,23074 Straubel Drive,830-488-8857
Gayle,Maciaszek,2018-09-08,gmaciaszekmd@squarespace.com,806 Warrior Junction,637-241-3403
Selestina,Feilden,2018-03-18,sfeildenme@army.mil,48612 New Castle Point,252-128-8871
Shalna,Loblie,2018-09-04,slobliemf@surveymonkey.com,169 Oxford Trail,658-612-5655
Thomasa,Bowcher,2018-05-31,tbowchermg@sfgate.com,7 Shelley Pass,174-657-2414
Vernon,Cornish,2018-01-16,vcornishmh@hugedomains.com,50991 Waubesa Lane,611-786-1897
Arlana,Plimmer,2018-11-11,aplimmermi@e-recht24.de,15853 Erie Hill,688-858-3641
Brucie,Mallebone,2018-01-10,bmallebonemj@vkontakte.ru,2 Burrows Place,822-922-9384
Tuck,Grigolashvill,2018-07-19,tgrigolashvillmk@tinypic.com,35 Amoth Court,716-813-0642
Delcina,Broderick,2017-12-06,dbroderickml@ed.gov,7117 Kenwood Point,431-218-6727
Luisa,Poulgreen,2018-04-30,lpoulgreenmm@mit.edu,9 Hoffman Road,171-188-4035
Innis,Chown,2018-07-01,ichownmn@sogou.com,3586 Menomonie Park,269-490-7009
Lanita,Pettinger,2018-05-17,lpettingermo@google.de,322 Jay Terrace,568-575-1592
Bernardine,Radmore,2018-05-25,bradmoremp@meetup.com,42347 Cordelia Drive,390-777-2277
Martica,Phillps,2018-05-26,mphillpsmq@mysql.com,20861 Hintze Center,254-324-5044
Arther,Timcke,2017-11-21,atimckemr@gmpg.org,7 Riverside Lane,225-709-0548
Maure,Enga,2018-10-07,mengams@studiopress.com,5115 Hauk Place,592-512-2043
Ardyth,Bilston,2018-09-15,abilstonmt@house.gov,5052 Mesta Junction,627-169-8038
Ruperto,Simper,2018-07-18,rsimpermu@mapy.cz,0813 Reindahl Point,426-591-6302
Cicely,Guiduzzi,2017-11-28,cguiduzzimv@yahoo.co.jp,648 Farwell Trail,977-617-5301
Peder,Gravenall,2018-11-09,pgravenallmw@hugedomains.com,3916 Manitowish Place,541-930-1822
Casey,Sargeaunt,2017-12-15,csargeauntmx@forbes.com,71 1st Junction,757-590-6734
Killy,Dewdney,2018-05-22,kdewdneymy@techcrunch.com,9571 Nelson Court,225-863-3638
Lynn,Soff,2018-04-08,lsoffmz@photobucket.com,5717 Crescent Oaks Pass,346-835-4095
Brandais,Lacotte,2018-06-12,blacotten0@vistaprint.com,37 Cherokee Hill,783-764-9942
Ambrosio,Willmont,2018-11-03,awillmontn1@yandex.ru,82 Forster Park,209-204-7873
Carlos,Loddy,2018-03-07,cloddyn2@patch.com,4 Meadow Ridge Pass,242-321-4286
Ermanno,Clapton,2018-09-24,eclaptonn3@cornell.edu,9242 Logan Pass,891-904-8163
Floyd,Theurer,2018-08-31,ftheurern4@bigcartel.com,2 Hoffman Parkway,278-859-6082
Onofredo,Astley,2018-07-31,oastleyn5@smh.com.au,2 Dixon Court,933-409-2370
Maryl,Fashion,2018-10-24,mfashionn6@engadget.com,9081 Tennessee Plaza,343-511-6907
Far,Richin,2018-04-15,frichinn7@cpanel.net,4 Sutteridge Road,386-984-6492
Cass,Muggleston,2018-02-07,cmugglestonn8@miibeian.gov.cn,33 Green Ridge Court,438-605-7790
Bree,Ammer,2018-08-16,bammern9@wiley.com,60 Stang Drive,703-791-4840
Roi,Lingwood,2018-04-30,rlingwoodna@chronoengine.com,5330 Briar Crest Parkway,485-651-7942
Manda,Ramel,2018-10-19,mramelnb@hud.gov,750 Commercial Street,585-299-2779
Nanete,Kretchmer,2018-08-05,nkretchmernc@google.es,5291 Bunker Hill Terrace,144-955-1013
Korry,Constantine,2018-11-07,kconstantinend@weebly.com,930 Corscot Lane,904-352-3181
Susi,Peltz,2018-03-07,speltzne@deliciousdays.com,34 Stone Corner Lane,920-178-2689
Evelyn,McMyler,2018-02-17,emcmylernf@tinypic.com,0932 Derek Drive,819-562-0082
Corey,Tokley,2018-02-04,ctokleyng@xinhuanet.com,70369 Ramsey Pass,944-479-5409
Durward,Hof,2018-06-03,dhofnh@tripod.com,59493 Montana Hill,338-117-1466
Holt,Bambrugh,2018-08-08,hbambrughni@buzzfeed.com,765 Menomonie Road,872-246-4361
Erna,Oulet,2018-04-05,eouletnj@people.com.cn,753 Manufacturers Lane,823-644-0051
Marcille,Barensen,2018-01-28,mbarensennk@msn.com,40 Little Fleur Street,561-754-6994
Brod,Comizzoli,2018-08-21,bcomizzolinl@discovery.com,41 Northfield Drive,344-700-2593
Olia,Becerra,2017-12-06,obecerranm@pagesperso-orange.fr,62607 Sage Pass,309-505-7671
Eyde,Stephenson,2018-03-03,estephensonnn@angelfire.com,5639 Independence Lane,126-702-6712
Karlen,Tidbold,2017-12-21,ktidboldno@vinaora.com,760 Straubel Center,374-384-2151
Aldon,Bernardez,2018-08-20,abernardeznp@hexun.com,911 Nelson Parkway,870-212-9204
Portia,Danford,2018-01-29,pdanfordnq@blogs.com,616 Clarendon Alley,874-541-9706
Melisa,Winley,2018-01-07,mwinleynr@myspace.com,6725 Myrtle Terrace,317-510-9162
Joye,Callum,2018-09-30,jcallumns@geocities.com,8 Basil Court,688-410-3413
Moreen,Dominici,2018-03-08,mdominicint@livejournal.com,0503 Vermont Terrace,197-785-3309
Tristan,Aggett,2018-03-08,taggettnu@walmart.com,1335 Tennessee Terrace,343-300-0501
Danette,Iacobassi,2018-07-08,diacobassinv@google.ru,502 Coleman Plaza,837-182-4547
Gerardo,Camerati,2018-03-12,gcameratinw@ebay.co.uk,6 Oneill Way,743-303-5827
Norris,Gudgeon,2018-03-20,ngudgeonnx@answers.com,1 High Crossing Place,646-586-0033
Devin,Henricsson,2018-08-09,dhenricssonny@free.fr,5 Forest Dale Road,837-325-4370
Horace,Elphinston,2018-07-07,helphinstonnz@merriam-webster.com,12376 Bay Park,583-425-1710
Jedediah,Bonwell,2018-04-12,jbonwello0@g.co,093 Glacier Hill Crossing,782-391-2677
Papageno,Begbie,2017-12-12,pbegbieo1@facebook.com,0936 Monterey Point,597-948-4801
Devina,Scrooby,2018-03-03,dscroobyo2@youtu.be,203 Crowley Road,817-907-1456
Meade,Scarborough,2017-12-26,mscarborougho3@dmoz.org,9 Sauthoff Park,562-834-8903
Duffy,Reddings,2018-03-12,dreddingso4@yellowpages.com,2 Scoville Pass,733-143-5349
Carly,Oulett,2018-07-22,couletto5@nps.gov,79 Parkside Junction,169-657-3955
Jewel,Harwell,2018-11-03,jharwello6@uiuc.edu,631 Troy Street,346-920-5820
Trudey,Waldrum,2018-09-10,twaldrumo7@theguardian.com,7020 Texas Center,394-155-2243
Andres,Tunaclift,2018-07-14,atunaclifto8@who.int,46 Browning Road,485-810-6995
Sly,Skeen,2018-07-02,sskeeno9@biblegateway.com,29779 Columbus Crossing,864-929-2205
Bart,Goodsall,2018-09-23,bgoodsalloa@epa.gov,3597 Bartelt Terrace,746-116-5541
Charlie,Woolforde,2018-03-26,cwoolfordeob@adobe.com,49 Sloan Park,491-275-8191
Gage,Pulbrook,2017-12-02,gpulbrookoc@prnewswire.com,57 Arizona Parkway,491-799-7884
Natasha,Fossord,2018-09-29,nfossordod@multiply.com,40 Coleman Park,169-874-3432
Blanca,Abbotson,2018-09-09,babbotsonoe@adobe.com,664 Anthes Place,574-102-9974
Hadria,Kersting,2018-09-21,hkerstingof@naver.com,6534 Schlimgen Crossing,518-939-2473
Waneta,Connick,2018-03-19,wconnickog@ask.com,9421 Bunting Pass,263-262-5084
Stan,Grund,2018-03-03,sgrundoh@soundcloud.com,1813 Lakeland Trail,794-252-0858
Brent,Marzelli,2017-12-02,bmarzellioi@netvibes.com,3 Graedel Terrace,417-254-8894
Alleyn,Sowersby,2018-07-01,asowersbyoj@biglobe.ne.jp,1 Dennis Drive,466-389-9439
Hilly,Zettoi,2018-11-03,hzettoiok@yale.edu,7193 Boyd Street,419-149-6764
Alberto,Crankshaw,2018-11-09,acrankshawol@pinterest.com,33 Corry Trail,504-400-6598
Blondelle,Blore,2018-06-04,bbloreom@usnews.com,73 Armistice Street,785-486-8638
Gwenore,Drennan,2018-10-07,gdrennanon@umn.edu,81 Sloan Terrace,265-905-6867
Fremont,Chasemoore,2018-11-14,fchasemooreoo@google.co.uk,35370 Graceland Trail,873-362-1738
Levon,Weed,2018-04-23,lweedop@harvard.edu,032 Blaine Road,780-658-5212
Heloise,Tebbett,2018-02-14,htebbettoq@csmonitor.com,691 Lyons Avenue,209-159-3778
Arvy,Adamo,2018-08-28,aadamoor@goodreads.com,0 Dapin Lane,637-161-6328
Josefina,Patterfield,2018-07-06,jpatterfieldos@imgur.com,5537 High Crossing Point,611-816-0635
Dayna,Hinstock,2018-11-12,dhinstockot@google.es,6 Scott Circle,486-696-6751
Francene,Jeyes,2017-12-10,fjeyesou@skype.com,82655 Basil Crossing,327-679-9951
Aylmar,O'Lehane,2018-11-01,aolehaneov@twitpic.com,124 Milwaukee Junction,283-926-9125
Nahum,Denacamp,2018-08-08,ndenacampow@technorati.com,51 Vera Park,775-107-6850
Giffer,Shanklin,2018-02-13,gshanklinox@berkeley.edu,36669 Drewry Junction,991-606-4034
Emmery,Keizman,2018-02-27,ekeizmanoy@ning.com,65693 New Castle Terrace,655-320-7565
Norman,Ellens,2018-04-03,nellensoz@upenn.edu,44296 Briar Crest Place,808-701-0018
Mame,Middis,2018-04-03,mmiddisp0@washingtonpost.com,0 Clyde Gallagher Junction,513-188-8043
Korry,Monkeman,2018-02-02,kmonkemanp1@geocities.com,06000 Nancy Pass,374-245-1241
Moritz,Vernham,2018-10-31,mvernhamp2@nymag.com,6 Farwell Pass,389-978-8626
Betsy,Scotchforth,2018-04-05,bscotchforthp3@youku.com,8815 Tomscot Pass,603-415-8841
Rockwell,Kave,2018-08-22,rkavep4@fastcompany.com,6960 Doe Crossing Lane,280-469-7256
Gretal,Dennett,2018-06-24,gdennettp5@amazon.com,97 Haas Point,431-547-0069
Wait,Pinke,2018-07-06,wpinkep6@google.co.jp,54863 Kropf Trail,163-910-1884
Donnie,Thorlby,2018-07-31,dthorlbyp7@ow.ly,60 Messerschmidt Road,303-518-8100
Nicolina,Gossart,2018-01-09,ngossartp8@list-manage.com,9 Katie Pass,709-542-3189
Antoinette,Kippling,2018-05-16,akipplingp9@europa.eu,88455 Troy Place,513-980-8335
Corabelle,Andraud,2018-04-29,candraudpa@ifeng.com,084 Fairfield Avenue,467-940-7612
Horatia,Ure,2018-06-13,hurepb@tuttocitta.it,45766 Carey Way,892-249-1229
Allegra,Tosh,2018-01-22,atoshpc@barnesandnoble.com,358 Anhalt Street,220-146-8321
Hobard,Skipworth,2018-08-28,hskipworthpd@vkontakte.ru,9506 Hoepker Parkway,916-467-5063
Gunter,Meininger,2018-06-29,gmeiningerpe@histats.com,722 2nd Parkway,334-176-5303
Donnie,Beet,2018-05-13,dbeetpf@whitehouse.gov,929 Golf View Center,248-824-9900
Lezley,Cohane,2018-11-14,lcohanepg@umn.edu,1 Atwood Center,494-730-7548
Zara,Knightsbridge,2018-07-16,zknightsbridgeph@house.gov,2 Shoshone Place,182-376-4553
Kay,Dulanty,2018-06-28,kdulantypi@zimbio.com,3815 Messerschmidt Avenue,159-453-1896
Jaquenetta,Callacher,2018-08-12,jcallacherpj@answers.com,48521 Eliot Center,240-998-5736
Niles,Newbatt,2018-07-09,nnewbattpk@geocities.com,9 Merry Court,735-748-9744
Lorrayne,Lidden,2018-06-16,lliddenpl@comcast.net,92 Thackeray Crossing,720-455-4284
Edyth,Andrioletti,2018-05-30,eandriolettipm@amazon.co.uk,3395 Rutledge Alley,153-511-4335
Suzi,Mathiassen,2018-11-13,smathiassenpn@chron.com,719 Buhler Avenue,464-710-7568
Brier,Smartman,2018-01-21,bsmartmanpo@ca.gov,03 Express Point,114-760-5881
Ealasaid,Bosenworth,2018-03-28,ebosenworthpp@google.fr,3752 Glacier Hill Circle,451-577-4805
Briggs,Alfwy,2018-11-12,balfwypq@opera.com,76 Mitchell Court,933-529-8148
Torre,Letham,2018-09-03,tlethampr@toplist.cz,1 Bultman Court,716-420-1644
Krystyna,Shord,2018-08-13,kshordps@live.com,595 Nobel Place,997-736-0755
Holly,Barber,2018-08-01,hbarberpt@timesonline.co.uk,26 Main Circle,623-148-3266
Rab,Wayon,2017-11-27,rwayonpu@cnbc.com,8 Anhalt Pass,364-514-7963
Ellen,McLucas,2018-09-06,emclucaspv@google.cn,16325 Jana Park,911-403-1162
Frederic,Tucknott,2018-10-26,ftucknottpw@sciencedaily.com,2 Orin Avenue,164-946-7609
Tabbie,Cheavin,2018-01-02,tcheavinpx@acquirethisname.com,38803 Claremont Lane,894-467-5348
Darren,Tidder,2018-09-01,dtidderpy@netlog.com,8721 Transport Road,159-982-2225
Aline,Parramore,2018-01-21,aparramorepz@squidoo.com,317 Delladonna Center,644-783-6835
Batholomew,Metrick,2018-06-30,bmetrickq0@php.net,96 Northland Road,113-112-0283
Luce,Sute,2018-05-04,lsuteq1@jimdo.com,597 Bowman Park,199-260-1973
Viviene,Sunderland,2018-05-26,vsunderlandq2@archive.org,6 Clyde Gallagher Park,602-195-8580
Raven,Malins,2018-03-03,rmalinsq3@icq.com,2 Leroy Parkway,873-562-4208
Spense,Crafter,2018-07-11,scrafterq4@gravatar.com,872 Daystar Pass,716-912-5829
Finn,Posner,2018-05-05,fposnerq5@joomla.org,072 Eagan Plaza,486-957-0692
Eula,Kingswood,2018-04-07,ekingswoodq6@weibo.com,17 Holy Cross Lane,875-975-4653
Kassi,Pegrum,2018-03-08,kpegrumq7@istockphoto.com,4191 Wayridge Plaza,317-527-1796
Zelig,Ramel,2017-12-20,zramelq8@japanpost.jp,5 Petterle Junction,172-135-0146
Lisetta,Pauel,2018-02-28,lpauelq9@nps.gov,56 Sheridan Center,665-400-7747
Curr,Mewett,2018-04-04,cmewettqa@xinhuanet.com,929 Moland Trail,256-408-3079
Livvyy,Clemence,2018-07-30,lclemenceqb@mayoclinic.com,51 Kinsman Street,165-604-7221
Meryl,Nisbith,2017-11-20,mnisbithqc@disqus.com,0619 Dwight Street,342-906-8017
Min,Grinaugh,2018-06-13,mgrinaughqd@flavors.me,5 American Pass,914-609-9870
Haily,Jarret,2017-12-14,hjarretqe@economist.com,2 Sugar Street,498-436-6038
Nanice,Bilbrooke,2017-12-27,nbilbrookeqf@businessinsider.com,9 Ridge Oak Road,278-998-7426
Lorna,Baily,2017-12-10,lbailyqg@tumblr.com,327 Sommers Pass,954-294-4266
Robby,Sindall,2018-01-24,rsindallqh@msu.edu,68794 Carioca Parkway,482-974-9331
Donella,Delahunty,2018-05-16,ddelahuntyqi@sciencedaily.com,43486 Mockingbird Street,684-147-0955
Royce,Kendal,2018-09-02,rkendalqj@tripod.com,66 Lighthouse Bay Terrace,946-154-0290
Frederick,Durbin,2018-10-19,fdurbinqk@flavors.me,9657 Redwing Lane,653-198-8997
Benjy,Triplet,2018-06-21,btripletql@marketwatch.com,8756 Petterle Parkway,174-814-8864
Anders,Duddell,2018-07-19,aduddellqm@sina.com.cn,221 Fair Oaks Alley,498-118-0171
Almire,Escale,2018-02-03,aescaleqn@chron.com,105 Lotheville Place,213-573-2018
Cordi,Kerkham,2018-04-03,ckerkhamqo@ocn.ne.jp,8763 Tomscot Plaza,500-273-5001
Seth,Forbear,2018-08-18,sforbearqp@dion.ne.jp,09248 Delladonna Center,492-767-2013
Francyne,Syred,2018-11-01,fsyredqq@china.com.cn,7 Almo Road,702-632-6255
Pascal,Semered,2018-10-16,psemeredqr@infoseek.co.jp,697 Fairview Crossing,427-339-7266
Morten,Brand,2018-04-07,mbrandqs@europa.eu,23121 American Ash Road,280-153-8516
Bamby,Edwins,2018-10-24,bedwinsqt@hp.com,14 Loftsgordon Center,487-724-0085
Yance,Gludor,2018-10-08,ygludorqu@baidu.com,62186 Hudson Center,873-771-0580
Lloyd,Latch,2018-09-01,llatchqv@slashdot.org,7 Meadow Vale Point,206-853-6017
Shayla,Pavkovic,2018-09-12,spavkovicqw@springer.com,12403 Kinsman Terrace,868-383-4981
Gwen,Killingbeck,2018-08-02,gkillingbeckqx@reuters.com,477 Boyd Hill,311-158-6292
Juliette,Poore,2018-03-17,jpooreqy@archive.org,8 Delaware Road,905-117-6396
Jill,Lambert-Ciorwyn,2018-06-19,jlambertciorwynqz@redcross.org,5 Ruskin Road,108-745-0096
Xavier,Di Napoli,2018-01-30,xdinapolir0@hugedomains.com,4 Nancy Pass,269-773-5526
Jaynell,Cuphus,2018-04-23,jcuphusr1@istockphoto.com,948 Bay Crossing,566-176-1623
Fara,Ofield,2018-11-06,fofieldr2@unc.edu,56 Dennis Street,423-689-7162
Lancelot,Perkin,2018-04-03,lperkinr3@pen.io,4391 Oakridge Junction,294-467-9999
Charmine,Roakes,2017-11-19,croakesr4@thetimes.co.uk,86229 Golf View Terrace,881-594-3875
Eula,Brehaut,2018-07-29,ebrehautr5@netvibes.com,1723 Hermina Drive,821-251-6531
Brenden,Dyte,2018-09-30,bdyter6@tuttocitta.it,00 Jackson Center,653-250-1774
Frankie,Lowseley,2018-07-05,flowseleyr7@cpanel.net,635 Gateway Street,585-105-9857
Appolonia,Jossel,2018-05-24,ajosselr8@independent.co.uk,98830 2nd Road,996-215-5061
Elisha,Goulden,2018-10-09,egouldenr9@cnbc.com,8 Vernon Terrace,331-940-5136
Belinda,Gabriel,2018-09-14,bgabrielra@newsvine.com,150 Artisan Terrace,287-856-6597
Ansell,Mithun,2018-02-18,amithunrb@tinypic.com,815 Sachs Court,699-140-5993
Jamima,Hoolaghan,2018-06-28,jhoolaghanrc@nhs.uk,484 Rutledge Trail,764-436-3989
Vicky,Worcs,2018-01-20,vworcsrd@de.vu,51153 Toban Terrace,271-536-7925
Tome,Borrott,2017-11-18,tborrottre@webmd.com,1669 American Ash Alley,801-200-9097
Emalee,O'Fogerty,2018-08-25,eofogertyrf@xinhuanet.com,87 Dottie Alley,732-521-6810
Lucie,Michell,2018-01-13,lmichellrg@whitehouse.gov,637 Hallows Alley,510-347-6248
Kanya,Kinge,2018-09-11,kkingerh@feedburner.com,9176 La Follette Parkway,390-441-4538
Rena,Reimer,2018-04-18,rreimerri@sakura.ne.jp,32668 Iowa Trail,900-788-8231
Lilian,Immer,2018-03-18,limmerrj@exblog.jp,6 Gerald Hill,837-758-8987
Beverie,Warcop,2018-09-13,bwarcoprk@sfgate.com,4802 Armistice Lane,647-431-1312
Brad,Sarver,2018-05-25,bsarverrl@hp.com,92 Debs Pass,987-588-2124
Florenza,Jordine,2018-01-11,fjordinerm@dyndns.org,07 Straubel Hill,739-109-2456
Darwin,Hanhardt,2018-05-21,dhanhardtrn@skype.com,424 Sauthoff Street,503-989-1486
Renaldo,Healings,2018-07-02,rhealingsro@vinaora.com,5 Texas Circle,984-890-3021
Oriana,Walework,2018-10-09,owaleworkrp@bigcartel.com,49 Sauthoff Parkway,550-334-5833
Waite,Falls,2018-04-10,wfallsrq@about.com,56 Maryland Pass,488-170-1238
Weylin,Beauvais,2018-08-02,wbeauvaisrr@statcounter.com,46 Sunbrook Alley,498-997-1583
