first_name,last_name,date_of_birth,email,address,phone
Niel,Cecil,2018-03-30,ncecil0@furl.net,6742 Crest Line Plaza,664-865-1303
Cleo,Riddall,2018-04-09,criddall1@prlog.org,8 Commercial Hill,136-465-1913
Crissie,Mottram,2018-03-02,cmottram2@photobucket.com,85571 Montana Parkway,862-241-3369
Bendix,Emons,2018-03-09,bemons3@gravatar.com,88527 Mosinee Plaza,207-557-2361
Carroll,Edwardson,2018-06-28,cedwardson4@wisc.edu,6142 Namekagon Court,362-698-7023
Ursulina,Autrie,2018-06-30,uautrie5@sciencedirect.com,793 Di Loreto Drive,664-660-4060
Rina,Gehricke,2018-02-12,rgehricke6@walmart.com,3 Kensington Place,409-256-1159
Frazer,Lumbly,2018-07-13,flumbly7@chronoengine.com,1590 Lake View Court,778-719-5929
Franciskus,Simeoli,2018-10-28,fsimeoli8@pagesperso-orange.fr,29 Holy Cross Terrace,206-511-2178
Teriann,Ierland,2018-03-06,tierland9@xrea.com,6 Raven Center,298-879-6701
Adela,Nickols,2018-04-13,anickolsa@berkeley.edu,64148 Bowman Place,519-421-8200
Erick,Dwine,2017-11-22,edwineb@biglobe.ne.jp,7 Iowa Circle,821-928-0252
Elvis,Mash,2018-06-21,emashc@bravesites.com,3 Coleman Pass,376-457-6685
Bryna,Durber,2018-05-08,bdurberd@weather.com,641 7th Plaza,883-247-8622
George,Conen,2018-06-28,gconene@omniture.com,0 Dayton Court,327-704-8689
Aldrich,Carlin,2018-08-14,acarlinf@dedecms.com,09 Swallow Lane,198-478-6286
Yoshi,Denisovich,2018-01-19,ydenisovichg@nps.gov,5 Huxley Hill,701-625-8120
Bendick,De Launde,2018-06-04,bdelaundeh@csmonitor.com,752 Garrison Point,103-218-0402
Elli,Cammiemile,2018-08-17,ecammiemilei@discovery.com,9 Continental Parkway,340-263-3318
Merwin,Yerby,2018-03-13,myerbyj@istockphoto.com,7 Brown Center,143-453-7375
Abigail,Chevers,2018-07-01,acheversk@alibaba.com,55227 Harper Hill,256-404-5313
April,Rexworthy,2018-11-08,arexworthyl@comsenz.com,39444 Jenifer Place,306-900-1898
Jacquelynn,Piegrome,2018-07-21,jpiegromem@craigslist.org,7 Northwestern Terrace,466-873-7358
Haven,Moxley,2018-10-20,hmoxleyn@wikispaces.com,9156 Ridge Oak Circle,145-834-6024
Roze,Stannis,2018-10-26,rstanniso@wsj.com,80283 Dovetail Trail,185-870-9158
Liam,Bedburrow,2018-04-27,lbedburrowp@vkontakte.ru,1 Little Fleur Hill,538-249-3402
Shelia,Niaves,2018-06-25,sniavesq@umich.edu,903 Barnett Lane,312-285-9918
Rene,Beccero,2018-06-19,rbecceror@timesonline.co.uk,4057 Dennis Crossing,331-808-8978
Maddy,Wroath,2018-02-10,mwroaths@netlog.com,9208 Gina Trail,757-855-7418
Willa,Putten,2018-10-25,wputtent@washington.edu,23 Grim Circle,116-175-9476
Myrta,Brasseur,2018-08-19,mbrasseuru@cornell.edu,06 Brentwood Street,135-925-8468
Jeffry,Beggin,2018-07-22,jbegginv@ehow.com,82255 Laurel Point,535-355-3094
Stacey,Scotchbrook,2018-10-10,sscotchbrookw@blinklist.com,1254 Gerald Pass,829-411-7019
Jorey,Grey,2018-03-07,jgreyx@state.tx.us,1847 Grover Hill,965-121-8289
Carline,Tregunnah,2018-04-22,ctregunnahy@smh.com.au,5 Hintze Terrace,201-256-4420
Case,Ebenezer,2018-08-28,cebenezerz@live.com,8 Hansons Center,570-798-6055
Rena,McKenney,2017-12-18,rmckenney10@addtoany.com,21176 Schiller Pass,252-284-7332
Sheeree,Weatherup,2018-11-04,sweatherup11@newyorker.com,4436 Schurz Circle,668-796-4805
Melvyn,Dziwisz,2018-04-20,mdziwisz12@cyberchimps.com,9 Katie Plaza,716-428-4931
Niccolo,Milsap,2018-07-13,nmilsap13@live.com,48 Del Mar Terrace,239-842-7682
Faulkner,Ferrari,2018-02-23,fferrari14@smh.com.au,971 Mallory Drive,335-316-8642
Nefen,Gilfillan,2018-06-10,ngilfillan15@zdnet.com,5 Surrey Road,131-742-6821
Harlin,Scyner,2018-07-09,hscyner16@wiley.com,0092 Doe Crossing Circle,775-978-1687
Cass,Gadd,2018-05-16,cgadd17@ebay.co.uk,7845 Corben Pass,302-960-7445
Stavros,Scatchard,2018-03-23,sscatchard18@t.co,905 Cody Way,637-183-0888
Prinz,Rodliff,2018-09-03,prodliff19@seesaa.net,698 Hallows Hill,340-491-2145
Alberta,Coxwell,2018-09-30,acoxwell1a@moonfruit.com,001 Burrows Place,704-551-6843
Coleen,Screaton,2018-05-20,cscreaton1b@soundcloud.com,83 Coleman Center,534-398-3965
Salvatore,Caruth,2018-10-16,scaruth1c@wordpress.org,2 Vernon Plaza,856-219-4412
Clevey,Weaver,2018-05-24,cweaver1d@comcast.net,951 Chinook Junction,580-175-1862
Levi,Belchambers,2018-04-17,lbelchambers1e@shutterfly.com,188 Farmco Lane,167-113-9880
Kelley,Lambal,2018-10-06,klambal1f@columbia.edu,501 Cardinal Drive,988-188-0785
Harlie,Trood,2017-12-03,htrood1g@blogger.com,98744 Nevada Alley,348-733-9203
Giselbert,Fray,2018-08-11,gfray1h@tmall.com,06994 Longview Parkway,537-301-6318
Livvyy,Shyram,2018-01-18,lshyram1i@4shared.com,2555 Sutherland Court,544-214-1533
Charla,Greendale,2018-04-27,cgreendale1j@indiegogo.com,5282 Forest Street,869-843-4540
Pinchas,Tinner,2018-03-02,ptinner1k@apache.org,059 Clemons Point,815-773-2378
Anett,Duchesne,2018-04-29,aduchesne1l@apple.com,93452 Pankratz Park,297-448-6956
Charin,Rogez,2018-10-29,crogez1m@behance.net,6070 Hagan Parkway,407-793-2294
Jewelle,Rittelmeyer,2018-06-30,jrittelmeyer1n@examiner.com,176 Riverside Street,461-158-3605
Rosabella,Brownbridge,2018-08-26,rbrownbridge1o@dyndns.org,7 Crescent Oaks Plaza,936-521-7470
Onofredo,Crosham,2018-07-29,ocrosham1p@cyberchimps.com,55782 Welch Circle,232-717-3099
Luce,Smale,2018-03-13,lsmale1q@craigslist.org,93 Brown Court,913-803-0587
Amalie,Troy,2018-09-16,atroy1r@sciencedirect.com,4 Rusk Junction,575-208-0577
Jermayne,Adlington,2017-11-15,jadlington1s@etsy.com,45 Declaration Alley,410-344-3177
Nikolaos,Tribbeck,2017-12-25,ntribbeck1t@craigslist.org,4 Toban Trail,439-203-5637
Nathalia,Holdall,2017-12-01,nholdall1u@businessinsider.com,5027 Pleasure Park,558-812-7353
Oren,Broschek,2018-01-15,obroschek1v@rediff.com,60861 Boyd Circle,856-896-0619
Alessandra,Eilhersen,2017-11-30,aeilhersen1w@blog.com,45 Havey Point,168-289-1128
Lucias,Brehaut,2018-05-14,lbrehaut1x@upenn.edu,2 Westerfield Terrace,212-156-6996
Kevin,Fuzzey,2018-06-07,kfuzzey1y@hibu.com,9 Jenna Drive,876-228-9948
Sarene,Atterbury,2018-11-11,satterbury1z@japanpost.jp,24 Lien Street,351-731-4345
Maddy,Pettecrew,2018-03-24,mpettecrew20@etsy.com,10 Vernon Lane,250-710-7832
Murdoch,Woolstenholmes,2018-05-12,mwoolstenholmes21@smh.com.au,80 Crowley Pass,177-856-3791
Cornelle,Diperaus,2017-11-26,cdiperaus22@de.vu,78069 Sugar Parkway,602-213-4513
Kirsteni,Teodoro,2018-10-15,kteodoro23@sourceforge.net,41 Spohn Terrace,386-973-4128
Wade,Harriday,2018-08-04,wharriday24@canalblog.com,2 Holmberg Way,934-101-1382
Abner,Grogor,2018-09-22,agrogor25@opera.com,84 Glendale Hill,809-644-8280
Kilian,Shooter,2018-04-28,kshooter26@thetimes.co.uk,0 Corry Road,809-677-9315
Dur,Chappelle,2018-01-24,dchappelle27@liveinternet.ru,68 Killdeer Road,526-757-5418
Ellsworth,Curnnok,2018-11-01,ecurnnok28@newsvine.com,4 Prairieview Avenue,704-892-5210
Richardo,Crookshanks,2017-12-01,rcrookshanks29@reverbnation.com,08 Claremont Road,865-854-5919
Torey,Blaycock,2018-02-10,tblaycock2a@blog.com,9017 Fisk Alley,353-111-0139
Meridel,Giraths,2018-02-05,mgiraths2b@stanford.edu,36 Moland Circle,743-484-0455
Brinn,Meacher,2018-05-17,bmeacher2c@bizjournals.com,5 Shopko Circle,426-694-5452
Wit,Smorthit,2018-10-21,wsmorthit2d@webeden.co.uk,98875 Aberg Point,924-757-5312
Nathalie,Bacon,2018-01-30,nbacon2e@senate.gov,17 Gina Lane,554-116-0145
Ardis,Molen,2018-05-02,amolen2f@amazon.co.uk,2 Blaine Drive,929-632-9684
Cecily,Kagan,2017-12-14,ckagan2g@google.fr,025 Hanover Alley,575-966-1954
Carter,Biskupiak,2017-12-03,cbiskupiak2h@ftc.gov,4485 Westend Point,959-857-8731
Ellyn,Bendtsen,2018-07-26,ebendtsen2i@wikia.com,2 Valley Edge Hill,440-475-3552
Perla,Clee,2018-10-20,pclee2j@is.gd,9983 Independence Street,881-880-7416
Kendra,Aleksankov,2017-11-15,kaleksankov2k@nifty.com,76 Bashford Place,717-522-7678
Fayre,Sarfass,2018-06-02,fsarfass2l@netlog.com,8180 Sycamore Parkway,457-839-5020
Alli,Lickess,2018-08-06,alickess2m@thetimes.co.uk,28588 Union Lane,387-282-6387
Gay,Osichev,2018-11-13,gosichev2n@opensource.org,352 Glendale Court,149-323-8605
Enriqueta,Farens,2018-08-03,efarens2o@youku.com,6 Mosinee Park,753-609-1710
Mathias,Haymes,2018-04-26,mhaymes2p@seesaa.net,8515 Norway Maple Junction,592-267-4868
Merrilee,Ekless,2018-08-17,mekless2q@amazonaws.com,91 Mallard Junction,194-895-0929
Calhoun,Costello,2018-06-08,ccostello2r@exblog.jp,67 2nd Hill,631-257-7607
Robb,Dunsire,2018-10-07,rdunsire2s@google.de,7 Lunder Parkway,368-990-1043
Bronny,Caff,2018-05-06,bcaff2t@squidoo.com,463 Linden Lane,483-381-8778
Kesley,Nibloe,2017-11-24,knibloe2u@github.com,9 Eastlawn Parkway,277-683-6887
Kelila,Lobell,2017-12-20,klobell2v@addtoany.com,7625 Toban Road,976-913-1169
Katlin,Kleeborn,2018-10-24,kkleeborn2w@surveymonkey.com,9697 Ruskin Avenue,121-457-2366
Vicky,Dran,2018-04-19,vdran2x@liveinternet.ru,2226 Mcbride Circle,342-772-3768
Chery,Lundbeck,2018-02-28,clundbeck2y@mlb.com,94 Tony Drive,858-714-8922
Marleen,Parkinson,2017-12-01,mparkinson2z@csmonitor.com,62573 Bay Court,257-886-6647
Randie,Guinnane,2018-08-27,rguinnane30@pbs.org,047 Eagle Crest Avenue,101-200-1566
Melli,Orgel,2018-07-24,morgel31@google.co.uk,66 Service Point,837-154-6767
Phillie,Badger,2018-03-04,pbadger32@foxnews.com,3 Stone Corner Place,603-578-8852
Lon,Sail,2018-02-12,lsail33@ovh.net,1 Eastwood Alley,673-809-3307
Vernor,Cordero,2018-02-13,vcordero34@samsung.com,5 Luster Avenue,344-999-2534
Marga,Snalum,2018-01-08,msnalum35@goo.ne.jp,7 Cambridge Drive,698-536-7771
Catlee,Birch,2018-05-25,cbirch36@squarespace.com,909 Forest Run Terrace,195-837-1743
Harmonie,Tough,2018-10-07,htough37@goodreads.com,1 Starling Alley,414-701-3261
Jeramey,Pendered,2017-12-02,jpendered38@buzzfeed.com,15731 Service Place,212-930-8775
Arney,Sterling,2018-09-25,asterling39@wikipedia.org,9 Miller Way,932-386-4370
Ulrica,Willatts,2018-07-21,uwillatts3a@google.es,11311 Kings Junction,580-585-2047
Madge,Ebertz,2018-08-26,mebertz3b@skyrock.com,6730 Springs Road,572-710-2287
Vernor,Outram,2018-10-19,voutram3c@csmonitor.com,62 High Crossing Trail,674-781-5654
Gay,Prandin,2018-10-17,gprandin3d@java.com,18624 Artisan Hill,600-537-0219
Karlen,Slocomb,2018-06-15,kslocomb3e@vkontakte.ru,726 Lyons Terrace,796-274-0131
Christy,Batterham,2018-08-27,cbatterham3f@homestead.com,5555 Maryland Street,377-614-3531
Ephrayim,MacGibbon,2018-09-09,emacgibbon3g@wisc.edu,71 Hoard Court,285-686-4111
Trenton,Soldi,2018-04-12,tsoldi3h@plala.or.jp,5 Raven Center,526-135-6115
Marys,Cuttings,2017-12-31,mcuttings3i@psu.edu,358 Schlimgen Plaza,418-570-6370
Dinnie,Pecha,2018-03-07,dpecha3j@altervista.org,18393 Elka Center,888-514-3948
Sari,Barehead,2018-09-14,sbarehead3k@infoseek.co.jp,09 Lyons Terrace,433-433-8961
Todd,Slyme,2018-11-04,tslyme3l@smh.com.au,8 Calypso Junction,409-761-2678
Linette,Isakovic,2018-04-05,lisakovic3m@cbslocal.com,9 Hazelcrest Point,361-919-8351
Syman,Corr,2018-05-10,scorr3n@about.com,08 Bayside Pass,907-466-3598
Lilah,Chisnall,2018-03-29,lchisnall3o@bbc.co.uk,94 Muir Crossing,347-233-4307
Peg,Birtle,2018-09-21,pbirtle3p@bbb.org,06 Schiller Pass,910-178-4969
Bjorn,Pendrick,2018-09-15,bpendrick3q@utexas.edu,737 Kedzie Road,217-126-9004
Kyrstin,Nijssen,2018-11-05,knijssen3r@indiatimes.com,356 Warbler Terrace,972-989-9264
Ewell,Dorie,2018-09-23,edorie3s@slideshare.net,10039 Clemons Crossing,765-203-8015
Shaina,Phelips,2017-11-26,sphelips3t@cnn.com,6730 Steensland Parkway,481-948-8509
Merl,Varndall,2018-01-17,mvarndall3u@geocities.jp,69 Scofield Street,662-317-9407
Adan,Kitchingham,2018-01-31,akitchingham3v@gravatar.com,6 Carioca Drive,727-243-7935
Venus,O' Driscoll,2018-10-15,vodriscoll3w@geocities.com,014 Eggendart Street,257-810-6478
Byran,Metzel,2018-02-09,bmetzel3x@skype.com,353 Clarendon Lane,614-694-5783
Douglas,Hortop,2018-01-03,dhortop3y@cafepress.com,47844 Menomonie Street,914-951-0668
Rooney,Grahlmans,2018-01-30,rgrahlmans3z@privacy.gov.au,034 Shelley Lane,143-570-3251
Giavani,Hardison,2018-07-19,ghardison40@ning.com,68415 Eagle Crest Place,739-920-6040
Cayla,Harpur,2018-01-16,charpur41@nsw.gov.au,957 Mesta Road,858-411-3869
Adeline,Smillie,2018-01-23,asmillie42@google.com,69607 Algoma Hill,250-801-1875
Ealasaid,Kinnock,2018-05-15,ekinnock43@g.co,49 Manitowish Street,563-492-2814
Myca,Thynne,2018-10-24,mthynne44@howstuffworks.com,292 Heffernan Avenue,575-209-6825
Noe,Oatley,2018-10-25,noatley45@google.com.br,8 Pepper Wood Point,277-843-5082
Mamie,Worledge,2018-03-24,mworledge46@mit.edu,4833 Hudson Alley,222-953-5736
Katherina,Pym,2018-04-20,kpym47@bloglines.com,281 Stuart Court,734-711-2635
Maegan,Larderot,2018-04-13,mlarderot48@linkedin.com,34905 Steensland Crossing,370-458-5285
Misti,Russam,2017-11-27,mrussam49@ovh.net,649 Hovde Junction,920-640-1336
Nanine,Mc Carroll,2017-12-14,nmccarroll4a@xinhuanet.com,34 Gateway Park,928-866-0149
Korey,Elsmore,2018-03-26,kelsmore4b@berkeley.edu,34 North Park,266-723-2409
Giacobo,McLese,2018-07-02,gmclese4c@themeforest.net,25356 Green Avenue,422-794-6585
Briant,Bugge,2017-12-02,bbugge4d@simplemachines.org,37590 Red Cloud Plaza,910-276-9623
Humberto,Johns,2018-07-11,hjohns4e@github.io,6 Ryan Way,780-104-2491
Kliment,Shillington,2018-01-15,kshillington4f@vistaprint.com,19 Surrey Parkway,886-679-9426
Jarvis,Stoker,2018-10-07,jstoker4g@globo.com,12 Green Place,537-300-9128
Lucila,Melmoth,2017-12-19,lmelmoth4h@phpbb.com,2398 Lukken Road,307-929-9982
Dun,Llorente,2018-08-11,dllorente4i@skype.com,3 Vidon Place,117-627-2970
Rianon,Danher,2018-03-11,rdanher4j@addtoany.com,6 East Road,855-895-6346
Morty,Foux,2018-04-26,mfoux4k@cafepress.com,17 Cordelia Street,622-195-3217
Hilarius,Moar,2018-01-03,hmoar4l@jugem.jp,79 Magdeline Lane,704-368-8753
Simone,Kibbye,2018-05-26,skibbye4m@php.net,34387 East Crossing,225-331-7880
Rosita,Capelow,2018-02-05,rcapelow4n@diigo.com,83 Badeau Court,648-645-6058
Agnese,Durram,2018-09-23,adurram4o@google.cn,3589 Sundown Hill,745-212-4976
Rik,Auckland,2018-07-07,rauckland4p@reference.com,8609 Golf Alley,568-752-2789
Betsey,MacGragh,2018-05-17,bmacgragh4q@feedburner.com,9687 Del Sol Road,405-937-4643
Land,McCleary,2018-06-29,lmccleary4r@usatoday.com,208 Killdeer Circle,986-765-3593
Emilia,Keetch,2017-12-20,ekeetch4s@dedecms.com,64 Holmberg Pass,718-272-7455
Giuditta,Smyley,2018-06-20,gsmyley4t@cbsnews.com,45 Bellgrove Hill,539-846-4465
Simon,Withull,2017-12-07,swithull4u@ask.com,86195 Bonner Parkway,295-505-5168
Annecorinne,Rowth,2017-12-28,arowth4v@scientificamerican.com,43 Memorial Street,461-565-8954
Stephanie,Bonsall,2018-09-01,sbonsall4w@photobucket.com,045 Cody Drive,219-359-3667
Helga,Dodgshun,2017-12-18,hdodgshun4x@people.com.cn,2812 Lakeland Circle,615-588-2030
Juieta,Walworche,2018-05-14,jwalworche4y@bing.com,0479 Jenifer Place,203-376-4092
Stephanie,Shipway,2018-02-15,sshipway4z@merriam-webster.com,37 Lillian Court,984-526-8271
Lauretta,Chappelle,2018-03-07,lchappelle50@hatena.ne.jp,7 Tomscot Pass,913-490-9134
Ross,Budnik,2018-06-22,rbudnik51@example.com,1 Delaware Street,478-135-8204
Taryn,Stennet,2018-11-02,tstennet52@scribd.com,7934 Eggendart Trail,387-624-4168
Auguste,Dumbrall,2018-09-09,adumbrall53@linkedin.com,214 Cardinal Crossing,148-517-5686
Stevy,Karpenya,2018-02-12,skarpenya54@bigcartel.com,3 Debra Drive,764-758-7083
Norri,Dutson,2018-08-17,ndutson55@nyu.edu,8562 Miller Court,934-882-1833
Tull,Winterburn,2018-10-03,twinterburn56@yolasite.com,6 Jana Avenue,108-867-7303
Albie,Veivers,2018-07-23,aveivers57@theatlantic.com,3874 Vidon Point,587-846-8269
Barbe,Titford,2018-09-25,btitford58@berkeley.edu,742 Reinke Terrace,939-435-0392
Happy,Heffron,2018-11-02,hheffron59@netlog.com,28112 Spenser Crossing,102-461-9660
Derwin,McCallam,2018-05-13,dmccallam5a@scientificamerican.com,80 Walton Parkway,512-681-7047
Crissy,Hrishchenko,2018-08-13,chrishchenko5b@chron.com,43567 Waubesa Crossing,661-363-6752
Lin,Havis,2017-11-17,lhavis5c@sogou.com,8 Boyd Alley,830-742-3421
Sonny,Raybould,2018-03-22,sraybould5d@usa.gov,218 Cottonwood Center,574-639-0112
Humfried,Teideman,2018-03-29,hteideman5e@cmu.edu,895 Westridge Hill,209-791-7522
Barbey,Vanlint,2018-02-03,bvanlint5f@indiegogo.com,450 Fairview Trail,720-547-2726
Adela,Fishleigh,2017-12-09,afishleigh5g@discuz.net,8244 Redwing Court,895-704-5302
Bria,Windram,2018-01-25,bwindram5h@engadget.com,4 Riverside Point,162-329-1546
Franciska,Baunton,2018-09-26,fbaunton5i@si.edu,279 Eliot Drive,772-170-3390
Lia,O'Connolly,2018-02-28,loconnolly5j@blogtalkradio.com,45858 Holy Cross Terrace,549-782-6090
Danit,Drane,2017-12-28,ddrane5k@aol.com,6 Barby Street,175-862-2289
Melisent,Moore,2018-09-27,mmoore5l@theatlantic.com,707 Columbus Parkway,212-107-6268
Maria,Crauford,2018-09-09,mcrauford5m@domainmarket.com,9 Quincy Junction,486-915-7092
Gabie,Corben,2018-05-14,gcorben5n@shutterfly.com,8 North Way,670-369-9450
Gael,Scedall,2018-03-23,gscedall5o@wufoo.com,55 Marquette Hill,214-604-7611
Lenci,Scane,2018-07-29,lscane5p@tripod.com,31 Golden Leaf Crossing,348-646-6630
Roseann,Ferreira,2018-09-02,rferreira5q@blogtalkradio.com,60638 Heffernan Street,675-725-9000
Pamella,Dincke,2017-12-15,pdincke5r@macromedia.com,56 Mandrake Court,898-796-9315
Angelita,Pladen,2018-04-24,apladen5s@themeforest.net,59 Crescent Oaks Plaza,770-126-3019
Aubrette,Lacy,2017-12-19,alacy5t@soup.io,10 Old Shore Center,988-923-3579
Shurlock,Thurley,2017-12-10,sthurley5u@techcrunch.com,9875 Packers Trail,673-252-2449
Ariel,Finneran,2018-09-20,afinneran5v@wordpress.com,87293 Eliot Center,820-864-5331
Sander,Chrichton,2017-11-17,schrichton5w@amazon.co.jp,16687 Johnson Court,682-562-5759
Eleanor,Herculson,2018-02-11,eherculson5x@tripod.com,340 Lakeland Crossing,161-798-5563
Kristen,Furlow,2018-07-27,kfurlow5y@indiatimes.com,699 Rigney Way,672-992-3518
Adara,Milan,2018-01-08,amilan5z@cam.ac.uk,94289 Melrose Terrace,753-563-3169
Joella,Matuschek,2017-12-10,jmatuschek60@ucoz.ru,49 Hazelcrest Pass,952-771-0783
Melina,Pick,2018-02-14,mpick61@prweb.com,99 Esch Point,247-913-0567
Marylynne,Lindstrom,2018-04-03,mlindstrom62@ucoz.com,834 Loeprich Hill,614-323-6396
Stephine,Renish,2018-01-28,srenish63@tripadvisor.com,6486 Merchant Place,584-152-9418
Sheffy,Fedorchenko,2018-02-19,sfedorchenko64@independent.co.uk,493 Fieldstone Trail,785-617-0854
Kasper,Buxsy,2017-11-19,kbuxsy65@sciencedaily.com,4066 Continental Place,484-337-4800
Dede,Eddowes,2018-07-05,deddowes66@theglobeandmail.com,15 Columbus Plaza,135-901-2380
Algernon,Strutt,2018-01-15,astrutt67@wsj.com,6161 Muir Plaza,273-140-4100
Hart,Bream,2018-05-16,hbream68@dyndns.org,343 John Wall Hill,823-252-8919
Lyle,Liverseege,2018-07-05,lliverseege69@vinaora.com,1184 Northfield Parkway,590-897-0387
Allayne,Caunt,2017-12-10,acaunt6a@shutterfly.com,212 Gateway Alley,415-228-1525
Vivienne,Treacher,2017-12-22,vtreacher6b@nature.com,48 Pepper Wood Way,928-839-1175
Quintin,Sieghard,2018-02-27,qsieghard6c@nyu.edu,5 Shasta Road,183-371-2551
Laurie,Fehners,2018-09-25,lfehners6d@oakley.com,7294 Riverside Park,384-806-9908
Hilary,Alibone,2017-11-23,halibone6e@utexas.edu,4 Melrose Court,869-733-6223
Patsy,Docker,2018-10-09,pdocker6f@answers.com,37552 Forster Crossing,478-470-1099
Dewey,Nowakowska,2018-07-19,dnowakowska6g@fda.gov,6982 Iowa Terrace,853-775-5440
Maxy,Littefair,2018-06-07,mlittefair6h@marketwatch.com,645 Ramsey Way,258-814-7161
Tony,La Vigne,2018-06-29,tlavigne6i@seattletimes.com,962 Fairfield Circle,314-863-2693
Giraud,Allard,2018-07-03,gallard6j@japanpost.jp,77492 Sunnyside Pass,754-259-5553
Johan,McNelly,2018-02-26,jmcnelly6k@parallels.com,95784 Carpenter Plaza,687-560-5517
Sandye,Kenealy,2018-04-08,skenealy6l@imgur.com,0836 Towne Hill,870-921-4383
Augustin,Lightbowne,2018-09-21,alightbowne6m@house.gov,741 Helena Point,646-399-0801
Otho,Wasselin,2018-07-12,owasselin6n@multiply.com,79815 Ryan Trail,571-312-6400
Jareb,Dabbs,2018-04-14,jdabbs6o@technorati.com,5723 Montana Place,627-721-4143
Lorri,Tattersfield,2018-06-05,ltattersfield6p@archive.org,047 Carioca Pass,373-726-0267
Jasun,Caldwall,2018-02-10,jcaldwall6q@webnode.com,6 Dixon Terrace,682-132-7660
Beryle,Wrankling,2018-03-31,bwrankling6r@google.it,981 Lakewood Circle,538-750-8708
Kacie,Limming,2018-01-13,klimming6s@hostgator.com,70223 Oriole Plaza,613-590-1491
Koenraad,Spofforth,2017-11-29,kspofforth6t@amazonaws.com,12188 Westend Trail,680-268-4270
Marleah,Striker,2018-07-31,mstriker6u@github.com,0 Bobwhite Circle,751-279-3529
August,Hamner,2018-02-13,ahamner6v@weibo.com,42601 Barnett Center,140-242-0062
Tuckie,Hanway,2018-06-30,thanway6w@epa.gov,8293 Kedzie Way,795-690-9653
Grover,Frisby,2018-01-19,gfrisby6x@cbsnews.com,5120 Miller Park,149-283-2077
Jules,Spritt,2018-03-08,jspritt6y@phpbb.com,174 Ridge Oak Road,507-275-4928
Yurik,Malek,2017-12-23,ymalek6z@mlb.com,37 Charing Cross Avenue,383-512-1991
Tommy,Overill,2018-01-10,toverill70@virginia.edu,9 Ridgeway Road,980-575-9826
Rance,Jacquet,2018-10-01,rjacquet71@nydailynews.com,349 Dovetail Street,264-797-3464
Janifer,Allmann,2018-03-21,jallmann72@sakura.ne.jp,69411 Straubel Trail,129-690-4891
Noam,Goby,2018-07-01,ngoby73@businesswire.com,21674 Kingsford Way,215-956-7221
Kerry,De Lisle,2018-02-15,kdelisle74@over-blog.com,0073 Northview Circle,164-382-8681
Willy,Fountain,2018-09-08,wfountain75@livejournal.com,9 Hoard Parkway,534-197-4472
Rosalinde,D'Antuoni,2017-12-18,rdantuoni76@goo.gl,0 Bunting Parkway,369-673-8530
Cullie,Gaenor,2018-05-28,cgaenor77@unblog.fr,01 Chinook Road,386-346-1569
Liliane,Powell,2018-07-08,lpowell78@4shared.com,28402 Green Circle,600-311-4963
Beverlee,Pentercost,2018-02-23,bpentercost79@jalbum.net,2 Hoard Trail,364-747-5393
Earlie,Parmer,2018-10-02,eparmer7a@irs.gov,45253 Eastwood Lane,775-125-8891
Malorie,Patchett,2018-03-04,mpatchett7b@github.com,2 Buhler Drive,395-612-1995
Garnet,Matushevich,2018-01-31,gmatushevich7c@symantec.com,1 Kingsford Place,318-176-9930
Bevvy,Leehane,2018-02-08,bleehane7d@newsvine.com,55388 Jay Court,272-180-5753
Patric,Tafani,2017-11-29,ptafani7e@php.net,63932 La Follette Park,755-413-0094
Lauretta,Ortmann,2018-03-10,lortmann7f@ifeng.com,16421 Mccormick Junction,979-403-9974
Nap,Lillyman,2018-05-11,nlillyman7g@nbcnews.com,95 Vernon Way,227-137-0091
Aloysius,Francescuccio,2018-04-30,afrancescuccio7h@jiathis.com,68754 Algoma Road,304-158-6663
Barclay,Rowden,2018-03-05,browden7i@spotify.com,61087 Kensington Trail,523-822-8084
Levon,Hagart,2018-03-31,lhagart7j@hexun.com,4 Superior Point,637-965-2629
Ethelbert,Gadsdon,2018-11-07,egadsdon7k@dyndns.org,934 Little Fleur Junction,754-267-9307
Lynda,Pooly,2018-08-26,lpooly7l@yahoo.com,23 Hansons Park,522-464-7062
Minerva,Gilson,2018-01-05,mgilson7m@icq.com,26 Service Pass,564-824-5257
Humfrid,Skeggs,2018-04-12,hskeggs7n@flavors.me,776 Bunker Hill Hill,658-514-0847
Bernhard,Exer,2018-06-06,bexer7o@booking.com,5 Butterfield Place,197-180-0662
Ky,Mabb,2018-02-16,kmabb7p@upenn.edu,65 Kropf Pass,508-891-9827
Mick,McDaid,2018-11-10,mmcdaid7q@illinois.edu,7 Graceland Avenue,694-724-1359
Darleen,Maystone,2018-09-27,dmaystone7r@cbc.ca,4 Vernon Terrace,677-140-3491
Aloysius,Burl,2018-05-07,aburl7s@senate.gov,4614 Sycamore Terrace,887-535-2262
Nonie,Wodham,2018-07-13,nwodham7t@goo.gl,6283 Fair Oaks Court,294-877-0030
Saul,O'Doireidh,2018-09-16,sodoireidh7u@ustream.tv,9299 Mcbride Hill,762-360-2914
Sanders,Denziloe,2018-09-21,sdenziloe7v@telegraph.co.uk,18 Summit Hill,901-207-7940
Joelly,Lucien,2018-06-18,jlucien7w@facebook.com,84 Lunder Hill,925-869-6426
Lynnett,Milmoe,2018-02-15,lmilmoe7x@nba.com,52 Superior Lane,237-497-1648
Kassandra,Morrill,2018-09-15,kmorrill7y@sciencedaily.com,60917 Garrison Terrace,573-682-1778
Ayn,Dungate,2018-10-20,adungate7z@fastcompany.com,14662 Harbort Lane,560-463-0482
Gallard,Speeding,2018-09-22,gspeeding80@dagondesign.com,89 Roxbury Avenue,245-402-2766
Freddy,Semaine,2017-11-19,fsemaine81@quantcast.com,02264 Mockingbird Avenue,577-801-0183
Ilyssa,Croose,2018-10-23,icroose82@sciencedaily.com,850 Merchant Place,649-974-0702
Ardra,Batts,2018-08-13,abatts83@nba.com,43 Kensington Terrace,592-919-7757
Annetta,Caban,2018-05-31,acaban84@msu.edu,3871 Reinke Junction,947-971-6878
Gillian,Trippick,2018-10-03,gtrippick85@google.com.au,12 Myrtle Pass,246-642-6752
Lenora,Swindley,2018-06-21,lswindley86@xrea.com,12867 Eagan Court,983-428-7356
Emmott,Goodbourn,2018-03-10,egoodbourn87@ox.ac.uk,01851 Spohn Way,412-903-8477
Domenico,Nicolls,2018-10-03,dnicolls88@wired.com,7 Weeping Birch Plaza,524-550-7487
Brietta,Orsi,2018-01-22,borsi89@uiuc.edu,29949 Forest Dale Pass,350-332-1361
Mill,Gockelen,2018-07-28,mgockelen8a@usgs.gov,569 Bluestem Center,571-940-4991
Toddy,Bernardo,2018-10-08,tbernardo8b@twitpic.com,97398 Longview Terrace,127-150-7462
Caterina,Egiloff,2018-11-05,cegiloff8c@kickstarter.com,87 Old Gate Point,488-976-0859
Paulie,Guilleton,2018-03-19,pguilleton8d@cnet.com,71 Havey Way,168-926-8390
Kamillah,Matiashvili,2018-03-20,kmatiashvili8e@google.fr,6 Haas Lane,866-999-0555
Alvan,Bradlaugh,2018-03-12,abradlaugh8f@pinterest.com,167 Clarendon Park,226-641-8429
Jacenta,Heaton,2018-01-21,jheaton8g@oakley.com,1 Gulseth Court,953-334-5483
Beth,Ballston,2017-12-15,bballston8h@devhub.com,6 Farmco Plaza,451-973-8271
Sawyere,Jeffry,2018-08-31,sjeffry8i@discovery.com,46 Barnett Road,663-779-2116
Eleanore,Tuckett,2018-06-14,etuckett8j@wisc.edu,423 Monument Alley,422-508-4024
Emmaline,Ziehm,2018-09-27,eziehm8k@noaa.gov,77 Ruskin Lane,162-836-5114
Ade,Moncur,2018-01-16,amoncur8l@google.co.jp,549 Homewood Alley,806-277-4653
Tiffanie,Klamman,2018-07-07,tklamman8m@hexun.com,74397 Glendale Parkway,735-527-6942
Baily,Jimenez,2018-08-22,bjimenez8n@google.cn,400 Farragut Alley,894-852-7126
Merle,Simco,2018-01-07,msimco8o@imgur.com,4945 Village Green Street,417-379-9128
Terrance,Rodenborch,2017-12-17,trodenborch8p@macromedia.com,52215 Eastwood Parkway,289-398-5772
Horacio,Dugall,2018-04-25,hdugall8q@ustream.tv,78 Gateway Parkway,393-289-1889
Kerrin,Tillerton,2018-07-29,ktillerton8r@skyrock.com,36 Brown Road,419-502-8612
Daron,Biggerdike,2018-06-27,dbiggerdike8s@ycombinator.com,5 Welch Circle,341-835-1276
Tiff,Gorrissen,2017-11-18,tgorrissen8t@oakley.com,59199 Twin Pines Court,216-242-8978
Sybilla,Middlemass,2018-05-11,smiddlemass8u@redcross.org,60 Morning Road,510-370-3427
Stinky,Heckner,2018-01-10,sheckner8v@devhub.com,548 Schmedeman Road,839-586-9233
Ambur,Buggs,2018-04-23,abuggs8w@google.com.au,0 Morning Junction,224-712-9170
Sheffield,Grimbleby,2018-06-17,sgrimbleby8x@topsy.com,84042 Rutledge Parkway,411-442-7063
Antonio,Sapp,2018-02-14,asapp8y@arizona.edu,48 Bayside Crossing,733-316-1275
Cindelyn,Grimbaldeston,2018-09-06,cgrimbaldeston8z@wunderground.com,307 Linden Park,405-162-9249
Leena,Vedenisov,2017-11-15,lvedenisov90@google.it,7744 Wayridge Road,578-473-0507
Mendie,Dominique,2018-06-15,mdominique91@dailymotion.com,8955 Raven Avenue,324-903-3473
Nealy,Eginton,2018-02-16,neginton92@gmpg.org,80 Anniversary Drive,698-359-9272
Zelda,Kleinhausen,2018-01-01,zkleinhausen93@jiathis.com,57905 Stang Place,600-574-7487
Hollis,Southwick,2017-12-21,hsouthwick94@springer.com,043 Evergreen Crossing,341-752-1359
Greer,Grayham,2018-01-09,ggrayham95@sakura.ne.jp,18152 Harper Road,169-720-4489
Clyve,Hoggan,2018-09-18,choggan96@dot.gov,52385 Springview Plaza,476-973-7907
Algernon,O'Lunny,2018-03-02,aolunny97@dell.com,63 Summerview Point,144-162-7169
Hamish,Mongin,2018-01-01,hmongin98@tinypic.com,22576 Porter Lane,794-516-7890
Konstantine,Phippard,2018-09-11,kphippard99@zimbio.com,67 Bayside Plaza,637-202-5619
Andriette,Kelby,2018-02-16,akelby9a@studiopress.com,8 Welch Lane,293-437-9650
Costa,Macias,2017-11-22,cmacias9b@lycos.com,98391 Dottie Court,689-259-6674
Ramsey,Malin,2018-07-21,rmalin9c@unblog.fr,833 Linden Junction,885-833-4644
Rollie,Tamlett,2018-07-04,rtamlett9d@myspace.com,1840 Clove Crossing,473-162-9719
Sisile,Zwicker,2018-06-23,szwicker9e@marriott.com,070 7th Trail,171-808-0196
Boyce,Brownhall,2018-07-10,bbrownhall9f@newyorker.com,8702 Colorado Crossing,419-500-7106
Annaliese,Nend,2018-06-11,anend9g@ycombinator.com,36758 Bonner Center,536-529-2347
Fonzie,Dechelle,2018-07-02,fdechelle9h@ovh.net,13 Heath Crossing,533-903-7647
Beret,Roycroft,2018-09-17,broycroft9i@usnews.com,59 Hoard Road,933-548-4336
Helaine,Calder,2017-11-28,hcalder9j@t-online.de,0276 Dennis Terrace,179-521-1318
Roosevelt,Chansonne,2018-10-13,rchansonne9k@squidoo.com,5534 Esch Place,158-331-8887
Nanine,Lacroix,2018-01-19,nlacroix9l@liveinternet.ru,63 Sunnyside Road,643-239-6772
Kalie,Ordemann,2018-07-27,kordemann9m@geocities.com,42827 Sugar Park,928-125-5673
Adena,Wolffers,2017-11-16,awolffers9n@toplist.cz,3452 Kensington Court,371-496-0010
Mae,Godain,2018-03-21,mgodain9o@china.com.cn,21616 David Plaza,317-185-0565
Kristos,Gillebert,2018-04-18,kgillebert9p@hud.gov,3868 Blue Bill Park Trail,732-132-9703
Joe,Labbett,2018-01-11,jlabbett9q@nsw.gov.au,573 Summerview Hill,516-732-2302
Wye,Scamadin,2018-01-09,wscamadin9r@jugem.jp,875 David Plaza,931-390-9755
Jobi,Morrid,2018-04-19,jmorrid9s@istockphoto.com,59870 Anthes Lane,337-250-6592
Fara,Ciciotti,2018-01-22,fciciotti9t@github.io,5293 Jana Junction,861-130-7609
Harrietta,Condict,2018-09-09,hcondict9u@prlog.org,90 Norway Maple Road,282-545-9883
Britney,Lang,2018-10-13,blang9v@cyberchimps.com,1 Farragut Avenue,582-105-0819
Traci,Ewles,2018-04-11,tewles9w@tmall.com,1294 Manley Crossing,149-887-1116
Aylmer,Gloy,2018-07-09,agloy9x@redcross.org,06 Golf Course Street,824-259-4282
Rubetta,Karus,2018-05-17,rkarus9y@odnoklassniki.ru,14 Hoard Trail,635-631-5203
Thorn,Loche,2018-01-21,tloche9z@joomla.org,576 1st Lane,574-593-6924
Francesco,Jarmain,2018-09-13,fjarmaina0@cyberchimps.com,8442 Sage Trail,602-207-9598
Venita,Bottle,2018-06-23,vbottlea1@altervista.org,35 Eliot Park,581-549-5545
Maryjo,Gornall,2017-12-23,mgornalla2@hhs.gov,14 Old Shore Road,866-320-0023
Abbi,Bette,2018-01-02,abettea3@answers.com,820 Sachs Lane,759-366-5667
Iormina,Greves,2017-12-24,igrevesa4@google.cn,13 Chive Trail,541-675-5516
Andrey,Yurikov,2018-08-04,ayurikova5@123-reg.co.uk,74466 2nd Terrace,905-901-1506
Mercedes,Ventura,2018-07-21,mventuraa6@mozilla.org,459 Granby Drive,446-221-6244
Roda,Sellek,2017-12-03,rselleka7@loc.gov,71190 Thompson Center,465-326-8116
Ariadne,Trodler,2018-10-29,atrodlera8@clickbank.net,00693 Brentwood Trail,682-831-8119
Connie,Wenman,2018-07-20,cwenmana9@narod.ru,55 3rd Hill,169-933-2561
Stefan,Gherarducci,2018-08-14,sgherarducciaa@woothemes.com,593 Westend Crossing,574-694-3546
Pier,Shiel,2018-06-24,pshielab@woothemes.com,97 Artisan Court,394-833-4974
Stephine,Masse,2018-03-10,smasseac@about.com,30 Sutherland Lane,248-776-3657
Bibi,L'oiseau,2018-02-25,bloiseauad@indiatimes.com,418 Loeprich Junction,701-941-5635
Tabina,Kenway,2018-02-19,tkenwayae@istockphoto.com,33012 Forest Dale Park,500-171-9667
Teresa,Gorick,2018-04-22,tgorickaf@1und1.de,3139 Spenser Drive,169-500-0579
Brittany,Sewards,2018-06-17,bsewardsag@statcounter.com,304 6th Park,141-205-8477
Alasdair,Derl,2018-11-01,aderlah@ed.gov,23 Lyons Place,240-951-0191
Denny,Jolly,2018-04-26,djollyai@xing.com,50 Green Circle,439-901-6125
Tonnie,Gilson,2018-10-02,tgilsonaj@cisco.com,13966 Saint Paul Alley,100-990-3465
Amos,Rymell,2018-04-01,arymellak@fema.gov,68 East Hill,531-521-2221
Netta,Bercher,2018-10-14,nbercheral@friendfeed.com,311 Lunder Junction,213-434-9584
Leigh,Boarder,2018-07-31,lboarderam@ovh.net,41993 Northwestern Pass,207-604-1884
Chadwick,Capper,2018-07-14,ccapperan@bravesites.com,996 Oakridge Terrace,808-274-0299
Neale,Chesswas,2018-10-27,nchesswasao@smh.com.au,17 Butternut Lane,691-250-8815
Tonya,Grivori,2018-06-10,tgrivoriap@multiply.com,32541 Crest Line Plaza,445-421-2857
Naoma,Russan,2018-10-01,nrussanaq@t-online.de,50309 East Avenue,672-472-8050
Sterne,Benedit,2018-10-02,sbeneditar@pinterest.com,2 Clyde Gallagher Junction,731-314-6212
Gayle,Lavallie,2018-05-17,glavallieas@opera.com,551 Katie Drive,820-199-3293
Nonie,Cuttell,2018-08-07,ncuttellat@wiley.com,9 Charing Cross Junction,393-428-8919
Caren,Gearty,2018-03-18,cgeartyau@guardian.co.uk,4 Holy Cross Pass,356-254-0817
Malissia,Caine,2018-01-19,mcaineav@netscape.com,3 Everett Road,365-106-1423
Devin,Marshall,2018-03-17,dmarshallaw@patch.com,6 Namekagon Center,484-352-2315
Laurel,Freake,2018-03-18,lfreakeax@booking.com,892 Kenwood Junction,340-860-5783
Sullivan,Martinovsky,2018-06-04,smartinovskyay@studiopress.com,7 Iowa Crossing,586-736-0746
Sioux,Dudlestone,2018-04-18,sdudlestoneaz@illinois.edu,2020 Northport Parkway,269-845-5439
Zarla,O'Cullinane,2018-01-26,zocullinaneb0@jimdo.com,42138 Melrose Road,637-428-9534
Erie,Monkman,2017-12-02,emonkmanb1@admin.ch,50 Erie Avenue,323-567-4942
Trudie,Courson,2018-09-14,tcoursonb2@meetup.com,629 2nd Road,285-342-2175
Chariot,Coniff,2018-09-28,cconiffb3@privacy.gov.au,914 Texas Drive,849-683-1918
Lauren,Ilyas,2018-08-24,lilyasb4@tmall.com,10 Larry Drive,514-934-9802
Jocelyn,Neames,2018-07-06,jneamesb5@yolasite.com,5 International Street,121-734-3427
Kristoffer,Schust,2018-01-10,kschustb6@hhs.gov,67138 Sutteridge Pass,783-857-1892
Darren,Romain,2018-03-20,dromainb7@google.com,5105 International Court,304-908-2567
Cally,Penrith,2018-05-03,cpenrithb8@pbs.org,01 Kedzie Lane,779-453-8691
Toiboid,Punton,2018-08-16,tpuntonb9@sbwire.com,579 Mallory Crossing,433-797-2496
Annmarie,Louth,2018-06-12,alouthba@netscape.com,067 Gateway Park,160-297-1606
Penn,Berryann,2018-02-08,pberryannbb@businessweek.com,44 Paget Place,578-927-0808
Ira,Doldon,2018-11-14,idoldonbc@fda.gov,2390 Banding Alley,934-220-5185
Cleon,Chidwick,2018-02-27,cchidwickbd@aboutads.info,9 Sunfield Alley,515-554-0942
Lindsey,Chattoe,2018-01-11,lchattoebe@aboutads.info,83581 Eastwood Terrace,881-384-5981
Donny,Cavell,2018-05-07,dcavellbf@omniture.com,580 Boyd Plaza,925-513-9498
Isabelle,Markie,2018-10-18,imarkiebg@hatena.ne.jp,8328 Jackson Lane,857-894-0502
Ellwood,Haggath,2018-06-19,ehaggathbh@meetup.com,26 Fair Oaks Parkway,919-386-2539
Vera,Diamant,2018-04-11,vdiamantbi@yolasite.com,00949 Ridgeview Way,310-288-7838
Rog,OIlier,2018-04-03,roilierbj@kickstarter.com,57180 Stoughton Junction,112-956-8515
Rikki,Gibke,2018-05-21,rgibkebk@walmart.com,47 Kim Terrace,131-869-5167
Evangelia,Pancost,2018-09-12,epancostbl@biblegateway.com,2 La Follette Terrace,365-585-9813
Alvan,Rochell,2017-12-28,arochellbm@forbes.com,22986 Talmadge Place,173-378-9783
Vivie,Braunston,2018-02-17,vbraunstonbn@goodreads.com,51270 Rieder Road,634-340-7861
Mada,De Angelo,2018-09-23,mdeangelobo@cbsnews.com,6 Stephen Crossing,356-197-8864
Cassandre,Lantry,2018-10-31,clantrybp@digg.com,720 Karstens Drive,762-375-3356
Inigo,Eatttok,2017-12-01,ieatttokbq@washingtonpost.com,8 Browning Junction,516-357-7340
Damiano,Lynde,2017-12-04,dlyndebr@amazon.co.uk,97 Thompson Drive,389-794-0919
Vidovik,Santer,2018-10-04,vsanterbs@github.com,5799 Carioca Place,804-114-6678
Mose,Fleg,2018-10-09,mflegbt@weebly.com,0 Luster Parkway,599-500-7006
Vinny,Boutwell,2018-08-26,vboutwellbu@dmoz.org,33431 Dwight Plaza,639-288-4315
Trina,Cinderey,2018-06-20,tcindereybv@amazonaws.com,580 Rockefeller Hill,390-307-4627
Steffen,Bischof,2018-07-25,sbischofbw@4shared.com,77289 Duke Court,804-632-3989
Estrellita,Caudwell,2018-09-22,ecaudwellbx@gizmodo.com,756 Buhler Parkway,532-909-0337
Cathy,Bence,2018-05-26,cbenceby@nyu.edu,540 Warbler Court,485-119-0296
Benedikt,Belcham,2018-04-17,bbelchambz@bloglovin.com,27 Debs Plaza,816-380-6109
Richmound,Ozelton,2018-06-06,rozeltonc0@apple.com,8318 John Wall Park,155-470-3170
Charmaine,Dunbobbin,2018-06-15,cdunbobbinc1@ihg.com,7 John Wall Lane,300-630-7704
Gratia,Woodcock,2018-09-27,gwoodcockc2@businessweek.com,18556 Dapin Center,822-720-7253
Mose,Houlston,2018-08-24,mhoulstonc3@ft.com,57 Kings Place,517-464-6518
Dory,Eisikowitch,2018-05-05,deisikowitchc4@naver.com,6 Vidon Park,828-900-4196
Keir,Dahill,2018-02-12,kdahillc5@e-recht24.de,378 Melvin Place,606-731-9507
Georas,Feifer,2018-05-22,gfeiferc6@army.mil,49 Esker Alley,239-160-4680
Maitilde,Gerbel,2018-05-20,mgerbelc7@mit.edu,476 Sloan Alley,842-771-5586
Verne,Craddy,2018-09-10,vcraddyc8@moonfruit.com,6760 Annamark Pass,991-947-9122
Wynny,Brandreth,2017-12-29,wbrandrethc9@google.com.br,14100 Corry Park,856-784-4724
Carling,Blueman,2018-04-11,cbluemanca@nbcnews.com,9988 Mitchell Parkway,318-986-3897
Martyn,Dempster,2018-09-19,mdempstercb@cnbc.com,9 Parkside Circle,662-689-0563
Felix,Larciere,2018-09-12,flarcierecc@npr.org,38 Loeprich Trail,431-817-2678
Baird,Durnian,2018-06-01,bdurniancd@google.com.br,817 Arkansas Terrace,415-289-4832
Ynes,Hammerberger,2018-07-02,yhammerbergerce@google.com.au,99 Gateway Drive,429-442-9040
Noell,Josovitz,2018-05-23,njosovitzcf@yandex.ru,100 Green Crossing,267-486-2311
Bridgette,Sidebottom,2018-07-29,bsidebottomcg@jimdo.com,0 Oak Valley Lane,262-694-2091
Wyatan,Heavyside,2018-09-06,wheavysidech@census.gov,583 John Wall Hill,855-512-8975
Cosette,Egel,2018-09-15,cegelci@unc.edu,989 Surrey Junction,214-618-8618
Bren,Coale,2018-11-09,bcoalecj@eepurl.com,20463 Parkside Drive,363-387-0283
Madlen,Dransfield,2018-07-07,mdransfieldck@last.fm,32 Pankratz Street,903-846-7934
Antoni,Desesquelle,2018-03-15,adesesquellecl@soundcloud.com,7 Manley Street,419-534-8877
Avram,Swinnerton,2018-03-17,aswinnertoncm@arizona.edu,23907 Packers Road,331-635-3409
Rozanne,Guidera,2018-10-27,rguideracn@arstechnica.com,34 Muir Point,809-569-3790
Victor,Gargett,2017-11-19,vgargettco@mtv.com,4 Canary Center,972-731-3928
Dyna,Ert,2018-02-23,dertcp@comcast.net,200 Waubesa Parkway,326-940-7330
Lianna,Croshaw,2018-10-17,lcroshawcq@theatlantic.com,122 Goodland Plaza,431-908-2835
Regine,Meredyth,2018-03-12,rmeredythcr@cbc.ca,15126 Birchwood Parkway,999-690-8723
Zorah,Rouff,2018-06-26,zrouffcs@yale.edu,3 Pine View Court,480-851-8110
Dag,Mityashev,2018-04-11,dmityashevct@unesco.org,6504 Dapin Court,608-684-5499
Clo,Gowanson,2018-01-28,cgowansoncu@hp.com,2 Sunnyside Lane,627-257-0505
Hyacinthe,Natte,2018-03-20,hnattecv@ycombinator.com,31942 Jenifer Crossing,549-875-8889
Karol,Masterson,2017-12-04,kmastersoncw@shinystat.com,548 Elmside Circle,761-606-5520
Maurizio,Clyburn,2018-11-12,mclyburncx@t.co,48987 Steensland Lane,662-147-9655
Brigitta,Bohin,2018-02-06,bbohincy@usda.gov,50781 Bartelt Pass,918-597-4406
Berte,Harome,2018-01-02,bharomecz@feedburner.com,7 Sloan Point,318-420-2176
Jamaal,Stenbridge,2017-12-27,jstenbridged0@yelp.com,76 Stuart Point,641-179-3811
Abey,Farrah,2018-07-16,afarrahd1@elegantthemes.com,2 Northland Place,130-842-7465
Prisca,Baudou,2018-04-12,pbaudoud2@blogs.com,066 Lake View Park,572-118-5957
Cathrine,Harrison,2018-02-23,charrisond3@blog.com,79381 John Wall Parkway,691-471-7370
Clementia,Maciunas,2018-08-10,cmaciunasd4@nytimes.com,4 Norway Maple Park,706-722-7492
Eduard,Gytesham,2018-04-03,egyteshamd5@sbwire.com,91 Mifflin Street,597-345-2537
Eirena,Castleman,2018-07-07,ecastlemand6@skyrock.com,803 Northport Parkway,549-105-1437
Gwendolyn,Thewlis,2018-06-02,gthewlisd7@google.com.hk,822 Westridge Lane,366-966-5756
Joelie,Aartsen,2018-01-25,jaartsend8@bandcamp.com,03684 Hudson Lane,671-163-1991
Merill,Birtle,2018-07-30,mbirtled9@unblog.fr,26 Northport Plaza,803-276-3385
Merrel,Reynoldson,2018-04-20,mreynoldsonda@goo.gl,38 Waxwing Court,576-818-9904
Wylie,Hodgen,2018-08-28,whodgendb@hud.gov,14 Nelson Terrace,431-172-9479
Kendal,Ferraron,2018-07-06,kferrarondc@shinystat.com,7342 Monica Way,975-299-5782
Roley,Stollard,2018-05-05,rstollarddd@indiatimes.com,8025 Burrows Drive,353-393-3509
Riordan,Swainger,2018-07-15,rswaingerde@instagram.com,3737 Crest Line Way,557-989-4984
Corrinne,Impy,2018-06-13,cimpydf@hud.gov,391 Forest Court,651-935-0344
Nissa,Barttrum,2018-08-04,nbarttrumdg@hostgator.com,43506 Starling Junction,917-332-9799
Grange,De Benedictis,2018-09-09,gdebenedictisdh@slideshare.net,6185 Eggendart Parkway,725-389-4976
Kit,Jakubovski,2018-11-05,kjakubovskidi@lycos.com,9 Rockefeller Plaza,433-238-0402
Diandra,Caswell,2018-05-24,dcaswelldj@answers.com,164 Roth Trail,858-488-4666
Gwendolin,O'Currine,2018-10-31,gocurrinedk@msu.edu,856 Bayside Circle,150-861-4069
Abra,Duncklee,2018-01-26,adunckleedl@parallels.com,723 Transport Center,814-946-9130
Ricca,Sive,2017-11-18,rsivedm@xrea.com,1 Dixon Avenue,429-132-3151
Ruy,Crang,2018-07-12,rcrangdn@behance.net,184 New Castle Circle,441-962-1327
Moyna,Lomond,2018-01-04,mlomonddo@mysql.com,335 Surrey Terrace,640-648-9801
Krystalle,Gristwood,2018-07-13,kgristwooddp@mit.edu,294 Havey Hill,619-664-8720
Patrizia,Harsum,2018-05-24,pharsumdq@topsy.com,5154 Menomonie Trail,286-463-8717
Coriss,Janauschek,2018-04-29,cjanauschekdr@csmonitor.com,37 Larry Street,856-113-9962
Yoshiko,Dadge,2018-02-09,ydadgeds@hao123.com,48114 Dexter Circle,740-927-3456
Amitie,Monks,2018-05-14,amonksdt@arstechnica.com,970 Straubel Center,254-474-9489
Karisa,McGrey,2017-12-01,kmcgreydu@irs.gov,32 Killdeer Place,217-957-9228
Keely,Parsisson,2018-02-13,kparsissondv@washington.edu,55807 Erie Hill,406-783-9882
Sydney,Whitcomb,2018-08-18,swhitcombdw@privacy.gov.au,12 Shopko Alley,940-342-3160
Peri,Dupoy,2018-07-16,pdupoydx@geocities.com,3 Saint Paul Pass,620-630-6994
Dene,Hardwidge,2018-07-02,dhardwidgedy@ftc.gov,53037 Hallows Avenue,329-119-7842
Erastus,Kitchin,2018-02-20,ekitchindz@engadget.com,5003 Warrior Way,546-910-4800
Hazel,Jerratsch,2018-10-23,hjerratsche0@bing.com,82 Anderson Park,161-131-5271
Guillermo,Gurry,2018-02-01,ggurrye1@cloudflare.com,67 Nevada Circle,115-307-3823
Serene,Duffield,2018-05-29,sduffielde2@elpais.com,3540 Graedel Circle,829-142-4106
Tamma,Ronald,2018-06-27,tronalde3@ask.com,690 Dunning Plaza,637-474-8741
Alidia,Davitti,2018-02-13,adavittie4@wikispaces.com,9233 Hermina Court,215-330-0596
Jesse,Bjorkan,2018-08-22,jbjorkane5@live.com,8861 Moose Street,153-151-8006
Rafaelia,Asser,2018-07-28,rassere6@canalblog.com,37 Arizona Terrace,704-796-7857
Field,Pestell,2018-08-23,fpestelle7@reddit.com,5274 Debs Lane,299-738-0066
Alphonso,O'Hoey,2017-12-21,aohoeye8@dot.gov,0326 Hansons Drive,221-704-6679
Melvin,Hayley,2018-10-11,mhayleye9@independent.co.uk,7 Shoshone Alley,253-515-5821
Papageno,Shout,2018-06-19,pshoutea@instagram.com,8525 Aberg Trail,609-116-9875
Mendie,Doughartie,2018-02-06,mdoughartieeb@woothemes.com,614 Susan Point,546-887-2464
Amalita,Hansley,2018-02-15,ahansleyec@1688.com,050 Amoth Parkway,838-956-3254
Esma,Lemmanbie,2018-05-20,elemmanbieed@adobe.com,1 Elgar Lane,642-379-2603
Alexi,Hedditeh,2017-12-26,ahedditehee@princeton.edu,521 Maple Wood Pass,937-764-6964
Xavier,Eim,2018-06-14,xeimef@dagondesign.com,4426 Holmberg Center,255-157-1150
Felice,Nevison,2017-12-01,fnevisoneg@mail.ru,9679 Fairview Drive,436-757-2092
Russell,Mulhall,2017-12-19,rmulhalleh@squidoo.com,3 Packers Circle,945-416-6429
Janenna,Aizik,2018-11-01,jaizikei@photobucket.com,6 Spenser Lane,265-429-0803
Remus,Clericoates,2018-02-07,rclericoatesej@ezinearticles.com,9662 Wayridge Place,288-767-7145
Cale,Scutchin,2017-11-22,cscutchinek@facebook.com,0707 High Crossing Junction,243-388-0136
Zorina,Blackesland,2018-01-09,zblackeslandel@ibm.com,5377 Warbler Center,227-873-7070
Martin,Byass,2018-05-27,mbyassem@princeton.edu,3284 Buena Vista Lane,571-460-6241
Cleve,Counter,2018-01-26,ccounteren@stumbleupon.com,205 Messerschmidt Street,509-903-6331
Jay,Simonutti,2018-05-14,jsimonuttieo@apache.org,889 Florence Lane,465-602-9717
Marena,Comfort,2018-05-06,mcomfortep@mit.edu,069 Nevada Junction,239-323-2257
Farand,Hayball,2018-04-24,fhayballeq@qq.com,5674 Sunfield Parkway,131-517-8375
Evan,Poole,2018-11-05,epooleer@businessweek.com,7 Pawling Alley,565-526-1555
Zandra,Wannop,2018-09-26,zwannopes@aol.com,794 Oriole Drive,337-357-4533
Obed,Danslow,2018-09-27,odanslowet@archive.org,80678 Pleasure Plaza,399-577-7821
Kendrick,Luttger,2017-11-19,kluttgereu@utexas.edu,157 Knutson Alley,715-563-0934
Corbie,Curzon,2018-04-17,ccurzonev@craigslist.org,91886 Nova Hill,890-280-5277
Ewen,Scargill,2018-08-04,escargillew@ucsd.edu,90933 Lunder Road,198-925-7363
Dominga,Deadman,2018-08-09,ddeadmanex@state.tx.us,3 Barnett Terrace,424-484-9502
Aymer,Dumingo,2018-10-28,adumingoey@ustream.tv,323 Jay Point,616-110-9842
Tracey,Gasparro,2018-03-04,tgasparroez@theglobeandmail.com,6 Scott Park,767-952-8290
Brina,Playden,2018-08-02,bplaydenf0@sun.com,86347 Lighthouse Bay Trail,932-937-0205
Briggs,Fewless,2018-08-20,bfewlessf1@home.pl,71 Village Junction,366-198-2579
Leonerd,Scoggans,2018-07-05,lscoggansf2@cmu.edu,94273 Hollow Ridge Road,191-381-2847
Kattie,Franies,2018-10-07,kfraniesf3@nydailynews.com,951 Luster Lane,708-243-0272
Susanna,Strowthers,2018-07-03,sstrowthersf4@dropbox.com,87000 Westridge Hill,978-639-4753
Tris,Gladwin,2017-12-17,tgladwinf5@twitpic.com,4 Maple Wood Lane,506-876-6988
Lola,Bundy,2018-09-05,lbundyf6@cam.ac.uk,56131 Harper Court,218-775-4726
Lorain,Meckiff,2018-01-07,lmeckifff7@sohu.com,36898 Sage Pass,328-715-8288
Rafa,Nodin,2018-01-31,rnodinf8@uol.com.br,2319 Mitchell Parkway,202-273-1100
Gina,Meikle,2017-12-22,gmeiklef9@slashdot.org,57 Portage Drive,904-202-8353
Sansone,Keefe,2017-12-25,skeefefa@fema.gov,94 Crest Line Terrace,642-580-9742
Angelico,Guenther,2018-11-13,aguentherfb@de.vu,5 Dayton Alley,717-687-0460
Knox,Tafani,2018-04-30,ktafanifc@naver.com,48851 Coolidge Way,421-999-0197
Herve,Symons,2018-01-17,hsymonsfd@state.tx.us,9 Old Shore Center,477-698-0828
Dru,Janczewski,2018-08-26,djanczewskife@dyndns.org,5 Valley Edge Plaza,117-100-3095
Dorise,Dunlea,2018-03-10,ddunleaff@newsvine.com,67 Dryden Street,667-997-7747
Etan,Ciubutaro,2018-01-24,eciubutarofg@ox.ac.uk,977 Loftsgordon Terrace,271-486-7478
Kassi,Enright,2018-04-19,kenrightfh@naver.com,2982 Miller Pass,911-498-7135
Urson,Corke,2018-02-05,ucorkefi@prweb.com,194 Michigan Court,198-126-3279
Ebony,Crisell,2017-12-05,ecrisellfj@oaic.gov.au,5 Marquette Court,604-518-6970
Emlen,Seignior,2018-04-04,eseigniorfk@google.com.br,3960 Grover Crossing,519-480-3131
Kennan,Reucastle,2018-06-23,kreucastlefl@jalbum.net,4 Westridge Trail,425-846-1395
Arleta,Staines,2018-04-08,astainesfm@reddit.com,378 Paget Way,787-299-1178
Chris,Bennington,2017-12-24,cbenningtonfn@ehow.com,9913 Kropf Junction,605-412-4348
Ansell,Paynton,2018-03-22,apayntonfo@live.com,3 Debra Way,238-240-6401
Bibbie,Danels,2018-10-18,bdanelsfp@ucsd.edu,2373 Declaration Drive,324-864-5222
Nessie,Emberson,2018-04-28,nembersonfq@unc.edu,4 Clove Park,196-346-3382
Cristabel,Horbart,2018-06-10,chorbartfr@time.com,72089 Sunnyside Way,646-971-1759
Zsa zsa,Espinas,2018-10-24,zespinasfs@princeton.edu,1 Chinook Trail,945-134-5419
Meghan,Milburn,2018-10-26,mmilburnft@youku.com,377 Myrtle Park,615-504-4960
Ethelin,Gay,2018-03-19,egayfu@ca.gov,700 Manufacturers Point,823-999-4787
Kippy,Haylor,2018-08-04,khaylorfv@wp.com,121 Dawn Trail,526-959-0525
Richart,Ivins,2018-09-27,rivinsfw@clickbank.net,140 Logan Way,429-451-2726
Sayer,Burdas,2018-03-12,sburdasfx@unicef.org,96075 Warrior Parkway,492-757-7122
Jinny,Sagerson,2018-02-24,jsagersonfy@illinois.edu,25191 Jenna Trail,272-751-7206
Alyda,Alexsandrovich,2018-04-20,aalexsandrovichfz@aol.com,94 Granby Lane,237-110-5352
Willis,Heatley,2018-09-28,wheatleyg0@timesonline.co.uk,92 Jackson Place,804-799-1532
Carolyne,Mulligan,2018-07-30,cmulligang1@yahoo.co.jp,0272 Chinook Parkway,309-248-9278
Cindelyn,Lovekin,2018-08-19,cloveking2@mayoclinic.com,03 Esch Terrace,419-559-9616
Nickolaus,Chess,2018-06-18,nchessg3@shop-pro.jp,515 Armistice Trail,686-979-7892
Tedman,Tombleson,2017-11-16,ttomblesong4@moonfruit.com,162 Michigan Alley,829-880-0197
Gregoire,Escalero,2018-10-07,gescalerog5@alexa.com,76 Michigan Plaza,802-325-2461
Kerrie,Piola,2018-03-24,kpiolag6@yahoo.co.jp,305 Killdeer Parkway,753-740-5781
Alyosha,Van der Hoeven,2018-07-04,avanderhoeveng7@pinterest.com,9878 South Hill,637-490-6002
Hill,Krolman,2018-05-13,hkrolmang8@berkeley.edu,84 Lakeland Alley,814-211-9276
Pauline,Paramor,2018-09-30,pparamorg9@reddit.com,77480 Hudson Avenue,305-883-1060
Kikelia,Lockless,2018-08-20,klocklessga@sciencedaily.com,31 Buell Lane,860-308-4152
Arney,Nappin,2018-07-17,anappingb@pagesperso-orange.fr,44 Bowman Street,751-438-9910
Haily,Chrystal,2018-01-09,hchrystalgc@smh.com.au,250 Mosinee Park,843-139-8390
Brnaba,Sokill,2018-08-13,bsokillgd@google.ru,50318 Carberry Center,435-128-3173
Emmit,Morrel,2017-12-21,emorrelge@arstechnica.com,74261 Summerview Point,635-308-7556
Cathryn,Redd,2018-02-01,creddgf@hp.com,94 Glacier Hill Alley,286-498-1517
Toiboid,Thormann,2018-04-27,tthormanngg@dmoz.org,07792 Grover Way,364-592-4876
Hugo,Pedersen,2018-10-13,hpedersengh@freewebs.com,17 Charing Cross Trail,591-908-7432
Ambur,Ciardo,2018-10-07,aciardogi@youku.com,691 Ilene Road,191-464-3956
Guinna,Claworth,2018-03-21,gclaworthgj@netvibes.com,038 Canary Pass,328-259-8858
Fonsie,Timmermann,2017-11-22,ftimmermanngk@issuu.com,18150 Eggendart Lane,477-460-6959
Cloris,Bester,2018-08-17,cbestergl@nytimes.com,3 South Avenue,214-180-3572
Eudora,Kimblin,2018-03-27,ekimblingm@deviantart.com,78 Summit Junction,872-315-6926
Jacklyn,De Angelis,2018-09-05,jdeangelisgn@vistaprint.com,25 Bluestem Street,552-743-1648
Demetri,Borham,2018-05-08,dborhamgo@ustream.tv,16053 Gale Lane,372-552-1056
Urbano,Mathissen,2018-09-29,umathissengp@diigo.com,9169 Goodland Alley,237-125-5658
Albina,Brogini,2018-06-15,abroginigq@washington.edu,24801 Garrison Way,487-611-2530
Barb,Hurton,2018-04-12,bhurtongr@digg.com,67 Westerfield Street,827-172-3367
Valida,Sollitt,2018-03-30,vsollittgs@twitter.com,32 Gale Alley,792-826-8568
Arnie,Doree,2018-03-11,adoreegt@dell.com,49545 Menomonie Drive,994-413-0165
Erskine,Pyott,2018-03-21,epyottgu@soup.io,52187 Kingsford Lane,750-958-4559
Catriona,Droogan,2018-02-15,cdroogangv@imdb.com,0 Burrows Circle,837-427-8369
Eudora,Darwent,2018-02-15,edarwentgw@ebay.com,0 Vernon Street,714-950-0364
Gizela,Gildroy,2018-07-22,ggildroygx@si.edu,5394 Green Ridge Way,576-658-9601
Lynn,Campbell-Dunlop,2017-11-29,lcampbelldunlopgy@mashable.com,5659 Marcy Crossing,392-204-4563
Eugine,Ferrer,2018-08-10,eferrergz@phpbb.com,6 Stephen Street,761-967-8207
Harbert,Reignould,2018-08-22,hreignouldh0@amazon.co.jp,965 Lighthouse Bay Alley,877-699-0087
Saxon,Brayley,2018-01-20,sbrayleyh1@desdev.cn,949 Grasskamp Avenue,964-837-0697
Dolly,Girardetti,2018-08-10,dgirardettih2@bigcartel.com,5733 Lindbergh Circle,513-456-3255
Tracy,Duerden,2018-10-11,tduerdenh3@slate.com,894 Sunfield Trail,909-137-2176
Wynn,Crockatt,2018-10-21,wcrockatth4@tinypic.com,6 Waywood Court,460-592-0066
Benoite,Sayce,2017-12-06,bsayceh5@acquirethisname.com,74050 Debs Center,663-947-0525
Cherri,Ferrone,2018-05-20,cferroneh6@nih.gov,0719 Di Loreto Alley,188-632-3414
Sergent,Kyles,2017-11-19,skylesh7@squarespace.com,80604 Johnson Drive,632-585-8321
Gustavus,Hendrikse,2017-11-22,ghendrikseh8@senate.gov,9996 David Point,277-165-3647
Phelia,Handy,2018-02-19,phandyh9@twitter.com,94 Corry Parkway,719-866-1069
Ingrid,Simants,2018-02-13,isimantsha@shinystat.com,421 Beilfuss Point,997-916-1918
Ortensia,Novill,2018-01-28,onovillhb@usnews.com,4285 Tony Parkway,970-105-2231
Carlynne,Masselin,2018-07-27,cmasselinhc@goo.ne.jp,5 Sachs Junction,745-936-2470
Ellis,Barszczewski,2018-10-30,ebarszczewskihd@parallels.com,48 Algoma Parkway,617-520-2758
Bent,Middlemass,2018-05-08,bmiddlemasshe@tripadvisor.com,954 Arizona Alley,719-730-8437
Merridie,Henderson,2017-12-12,mhendersonhf@hostgator.com,01 Blue Bill Park Park,320-395-9324
Munmro,Tring,2017-12-01,mtringhg@ameblo.jp,5 Charing Cross Park,789-118-6312
Jenelle,Le - Count,2018-06-24,jlecounthh@theglobeandmail.com,9522 Lawn Hill,701-893-5572
Lizbeth,Hewkin,2018-04-14,lhewkinhi@disqus.com,83 Kingsford Place,498-603-4714
Homer,Ropkes,2018-07-19,hropkeshj@marketwatch.com,01172 Mifflin Junction,628-244-3711
Osbert,Rubroe,2018-10-05,orubroehk@purevolume.com,50 Northridge Circle,329-893-9146
Turner,Rose,2018-06-14,trosehl@360.cn,20 Bayside Hill,139-698-0928
Wynn,Othick,2018-03-05,wothickhm@domainmarket.com,29 Emmet Place,250-409-5615
Carly,Bateman,2018-10-26,cbatemanhn@reverbnation.com,2 Walton Place,530-447-1816
Morris,Arent,2018-03-13,marentho@amazon.co.uk,9 Jackson Center,958-947-5488
Susan,Braiden,2018-01-31,sbraidenhp@hc360.com,25046 Roxbury Hill,763-590-9639
Berkly,Mitkov,2017-11-17,bmitkovhq@sciencedirect.com,6564 Golf Crossing,588-550-3002
Leonard,Scutter,2017-12-02,lscutterhr@chicagotribune.com,5991 Sundown Trail,823-448-8181
Oren,Inch,2018-06-28,oinchhs@netscape.com,3641 Arrowood Trail,831-465-1795
Stanley,Pollendine,2018-10-16,spollendineht@yale.edu,74 Carioca Parkway,531-582-6206
Flory,Bollands,2018-10-22,fbollandshu@blogs.com,8 Becker Terrace,190-703-5922
Adolphus,Lightollers,2018-03-14,alightollershv@about.me,550 Nobel Way,831-661-1976
Anastassia,Mayell,2018-09-13,amayellhw@cpanel.net,58 Gateway Alley,604-396-9742
Jereme,Clousley,2018-09-09,jclousleyhx@oakley.com,41 Kim Hill,402-857-0172
Roch,Ollier,2018-06-23,rollierhy@blinklist.com,667 School Way,421-574-0393
Darice,Ells,2018-05-13,dellshz@disqus.com,5 Lotheville Point,362-329-1452
Silvano,Boom,2018-06-28,sboomi0@barnesandnoble.com,01 Boyd Point,753-356-9331
Gladys,Kynan,2018-08-09,gkynani1@php.net,60337 Bonner Park,370-429-9723
Winifield,De Roeck,2018-05-31,wderoecki2@blogspot.com,7184 Mendota Place,441-176-0924
Calv,Wenger,2018-09-15,cwengeri3@booking.com,37158 Kedzie Hill,413-880-0600
Dominique,Cowterd,2018-04-15,dcowterdi4@craigslist.org,23776 Butterfield Point,798-604-6546
Bryon,Astles,2018-03-08,bastlesi5@intel.com,671 Macpherson Street,628-410-6402
Anatole,Verty,2018-10-20,avertyi6@si.edu,2343 Portage Way,632-508-3599
Renee,Lubman,2018-09-14,rlubmani7@netscape.com,24902 Green Way,586-581-8539
Huey,Limbrick,2018-07-14,hlimbricki8@ocn.ne.jp,7 Troy Center,234-773-2290
Kevyn,Daybell,2018-04-02,kdaybelli9@theguardian.com,2 Gateway Trail,606-462-1614
Yale,Ginnell,2018-07-24,yginnellia@cbc.ca,61926 Dorton Parkway,464-569-0994
Benton,Lorenzo,2018-10-20,blorenzoib@mozilla.com,7 Rowland Avenue,560-577-5010
Gabbie,Hawkings,2018-08-02,ghawkingsic@rediff.com,8095 Mockingbird Road,198-102-3413
Alyssa,Pretsel,2018-07-19,apretselid@usnews.com,0374 Derek Street,180-585-4412
Quincy,Lucius,2018-05-04,qluciusie@nytimes.com,20635 Morningstar Street,333-838-9603
Brody,Souness,2017-11-26,bsounessif@sogou.com,4 1st Place,543-114-9268
Braden,Posselow,2018-01-23,bposselowig@furl.net,610 Armistice Pass,658-260-2129
Costanza,Bignal,2018-09-03,cbignalih@blog.com,23 American Point,582-382-3936
Dagmar,Joire,2018-01-17,djoireii@alexa.com,45 Starling Alley,687-680-1225
Rachelle,Mattiazzi,2018-08-16,rmattiazziij@simplemachines.org,4 High Crossing Pass,563-881-0156
Aurie,Croom,2018-04-30,acroomik@twitter.com,080 Rigney Way,360-932-2748
Humfrid,Pedley,2018-07-22,hpedleyil@quantcast.com,941 Corscot Terrace,504-865-6279
Aguie,Cloney,2018-09-21,acloneyim@google.cn,65 Northwestern Terrace,781-667-2220
Mitchel,Youles,2018-07-21,myoulesin@yahoo.com,4606 Mosinee Terrace,904-214-9871
Rivy,Plett,2018-05-29,rplettio@hao123.com,3 Nelson Center,224-297-9575
Clayborn,Klich,2018-03-13,cklichip@redcross.org,61 Manley Lane,248-662-8140
Goober,Cheater,2017-12-16,gcheateriq@a8.net,1 Browning Place,220-938-5239
Gerardo,Whitmore,2018-09-30,gwhitmoreir@eepurl.com,59 Loftsgordon Way,951-811-6044
Kincaid,Bosanko,2017-12-23,kbosankois@google.fr,2044 Huxley Point,933-294-0502
Javier,Leger,2018-09-14,jlegerit@networkadvertising.org,1843 Acker Drive,178-468-1487
Gerick,Eakly,2018-04-04,geaklyiu@about.com,56 Londonderry Junction,840-809-7072
Sasha,Coultas,2018-09-01,scoultasiv@discovery.com,330 Kennedy Court,449-444-8625
Suzanna,Ducker,2018-03-17,sduckeriw@businesswire.com,81 Thackeray Drive,618-954-0265
Dulcinea,Beamond,2017-12-29,dbeamondix@nature.com,5057 Cordelia Crossing,525-870-4348
Ingrim,Kaes,2017-12-06,ikaesiy@sun.com,398 Northfield Terrace,386-376-4713
Daniel,Maddison,2018-08-23,dmaddisoniz@apple.com,9106 Straubel Hill,897-527-1029
Bethina,Fishlee,2018-06-11,bfishleej0@networksolutions.com,98 Bluestem Alley,774-369-6558
Vonny,Harlett,2018-02-20,vharlettj1@rediff.com,7 Main Parkway,954-205-3063
Jourdan,Westwell,2018-10-05,jwestwellj2@berkeley.edu,1 Hoard Junction,847-403-6195
Thekla,Marsh,2017-12-08,tmarshj3@acquirethisname.com,3614 Dryden Crossing,991-765-0709
Ediva,Lynas,2018-10-22,elynasj4@mit.edu,14 Crescent Oaks Street,315-593-9242
Thacher,Cowup,2018-03-26,tcowupj5@ftc.gov,40 Clyde Gallagher Crossing,926-328-7538
Riva,Frichley,2018-05-07,rfrichleyj6@symantec.com,44 Di Loreto Street,824-332-8427
Bartolomeo,Bartens,2018-06-29,bbartensj7@clickbank.net,74401 Fulton Point,646-890-3512
Wood,Dupey,2018-05-01,wdupeyj8@msn.com,71 Arkansas Street,341-904-0710
Donnie,Aveline,2018-01-01,davelinej9@washington.edu,82 Arizona Pass,832-529-3272
Craig,Pithcock,2018-04-13,cpithcockja@elpais.com,5173 Tomscot Terrace,263-160-0445
Hetty,Claricoates,2017-12-12,hclaricoatesjb@elpais.com,41 Jay Court,904-791-7060
Cobbie,Josefsson,2018-10-24,cjosefssonjc@go.com,85025 Fairview Circle,391-902-7560
Stanton,Manser,2018-08-14,smanserjd@cloudflare.com,4 Northland Point,251-178-8063
Torey,Chivrall,2018-09-23,tchivrallje@biglobe.ne.jp,14 Anderson Court,733-772-4241
Kirbie,Thonger,2018-05-06,kthongerjf@dagondesign.com,3976 Mitchell Center,174-658-9127
Roxine,Rowaszkiewicz,2018-01-18,rrowaszkiewiczjg@joomla.org,40 Fallview Road,449-669-7476
Annissa,Nibley,2018-08-27,anibleyjh@tmall.com,44 Eliot Point,561-489-9847
Gillian,Milkeham,2018-05-31,gmilkehamji@epa.gov,581 Crescent Oaks Alley,488-850-6909
Drew,Schorah,2018-04-06,dschorahjj@sbwire.com,2 Northfield Street,889-430-5687
Bryna,Woollin,2018-02-13,bwoollinjk@soup.io,262 Declaration Drive,225-552-3398
Addie,Eberlein,2018-06-16,aeberleinjl@smugmug.com,2 Shoshone Hill,554-924-5618
Alanna,Myott,2017-12-21,amyottjm@ameblo.jp,83 Cascade Pass,126-346-1085
Hollyanne,Durkin,2017-12-25,hdurkinjn@miibeian.gov.cn,213 Nobel Alley,530-862-5845
Shela,Fuente,2018-01-06,sfuentejo@1und1.de,28 Lawn Junction,518-390-3056
Shelby,Infante,2018-04-21,sinfantejp@tamu.edu,4248 Logan Center,761-637-6575
Nadya,Stenyng,2018-01-06,nstenyngjq@weather.com,45836 Coleman Trail,127-684-7653
Kean,Palmby,2018-05-25,kpalmbyjr@a8.net,093 Bunker Hill Place,949-818-5266
Llywellyn,Hurle,2018-07-11,lhurlejs@google.de,0675 Tomscot Drive,564-623-8850
Kalie,Renfrew,2018-07-14,krenfrewjt@businessweek.com,19974 Everett Plaza,732-238-3879
Shanan,Lippiatt,2018-06-25,slippiattju@xinhuanet.com,6999 Erie Alley,830-387-9255
Elliott,MacNally,2018-01-15,emacnallyjv@stumbleupon.com,1738 Bluejay Court,210-621-8951
Lorrayne,Freeburn,2018-05-09,lfreeburnjw@hibu.com,153 Sachtjen Junction,627-249-2601
Aubert,Sollis,2018-08-03,asollisjx@goo.gl,366 Melvin Circle,787-817-0803
Carol,Stammer,2018-07-23,cstammerjy@zimbio.com,42 Morningstar Crossing,572-688-7612
Brooke,Muirden,2018-08-28,bmuirdenjz@pcworld.com,070 Kenwood Drive,362-587-2675
Calla,McAllester,2018-07-02,cmcallesterk0@sitemeter.com,2337 Killdeer Pass,849-230-3873
Lynette,Begley,2018-04-05,lbegleyk1@thetimes.co.uk,90 Pepper Wood Drive,149-185-5185
Calvin,Kiffin,2018-02-12,ckiffink2@blogspot.com,0406 Corry Trail,330-226-1389
Tildy,Adicot,2018-01-17,tadicotk3@diigo.com,9 Bobwhite Park,299-693-7961
Lindi,Heineken,2018-10-06,lheinekenk4@nymag.com,714 Del Sol Junction,680-152-4067
Marlee,Meran,2018-10-14,mmerank5@cocolog-nifty.com,8437 Troy Center,764-797-8679
Al,Apthorpe,2018-02-14,aapthorpek6@bbb.org,09 Prairie Rose Trail,457-998-9857
Lamond,Figin,2018-09-20,lfigink7@spiegel.de,28 Armistice Place,251-136-6756
Wash,Ratazzi,2018-01-01,wratazzik8@wsj.com,455 Scofield Place,191-107-3933
Hildagarde,Matthai,2017-11-20,hmatthaik9@geocities.jp,418 Pawling Crossing,497-621-5780
Yurik,Haggidon,2018-06-27,yhaggidonka@altervista.org,39743 Graedel Lane,740-845-3372
Ingmar,Capp,2018-08-29,icappkb@mozilla.com,6060 Coolidge Place,768-650-8823
Cosetta,Mawby,2018-09-15,cmawbykc@fotki.com,5 Holy Cross Point,904-989-7803
Idell,Keogh,2018-08-14,ikeoghkd@omniture.com,79 School Lane,640-736-8639
Balduin,Arrighetti,2018-07-30,barrighettike@theguardian.com,701 Arrowood Way,264-764-9260
Merissa,Taveriner,2018-05-30,mtaverinerkf@webeden.co.uk,57 Fremont Place,620-753-1209
Alvinia,Ostrich,2018-10-13,aostrichkg@cam.ac.uk,43 Kim Point,791-393-5649
Rhona,Catteroll,2018-02-09,rcatterollkh@furl.net,79 Prairie Rose Trail,695-390-3018
Claretta,Bott,2018-11-10,cbottki@yahoo.co.jp,05 Bobwhite Center,426-596-3594
Dannie,Rodge,2017-11-28,drodgekj@noaa.gov,589 Hagan Parkway,583-879-7120
Sasha,Gland,2018-01-05,sglandkk@cisco.com,07 Pleasure Crossing,851-780-7930
Carolyne,Marchbank,2018-10-14,cmarchbankkl@bigcartel.com,76095 Everett Court,144-348-3728
Vincents,Campelli,2018-04-26,vcampellikm@whitehouse.gov,53 5th Terrace,183-546-3094
Wait,Skule,2017-12-14,wskulekn@yahoo.com,11001 Miller Pass,874-993-7459
Lu,Sidney,2018-01-13,lsidneyko@alexa.com,56430 Homewood Point,340-335-0430
Riane,Marte,2018-08-11,rmartekp@who.int,2 Gerald Drive,532-737-6494
Kacy,Persehouse,2018-01-25,kpersehousekq@timesonline.co.uk,24 Forest Run Alley,240-690-7347
Maible,Gosnay,2018-03-06,mgosnaykr@accuweather.com,18 Forest Court,239-526-8745
Felic,Arntzen,2018-04-24,farntzenks@cnbc.com,94804 Hallows Road,273-411-8273
Jimmie,Adrian,2018-02-26,jadriankt@comcast.net,9979 Anzinger Street,861-684-4734
Belita,Eddoes,2018-02-10,beddoesku@reuters.com,34027 Green Junction,807-161-9075
Stevana,Philpott,2018-08-09,sphilpottkv@newyorker.com,03 Waywood Circle,421-592-0246
Curt,Vooght,2018-04-28,cvooghtkw@yelp.com,56243 Hooker Avenue,351-827-7214
Gerardo,Alforde,2018-08-17,galfordekx@sakura.ne.jp,73700 Grasskamp Circle,510-574-3701
Stavro,Partington,2018-06-20,spartingtonky@indiegogo.com,11628 High Crossing Lane,754-111-7181
Chery,Rosengarten,2018-04-04,crosengartenkz@wikispaces.com,04602 Sheridan Lane,313-966-0838
Aubrette,Romei,2018-02-15,aromeil0@icq.com,3739 Beilfuss Crossing,622-158-9742
Matilda,Sworder,2018-03-11,msworderl1@google.com,0 Myrtle Street,805-886-5207
Emery,Aughton,2018-07-07,eaughtonl2@npr.org,04336 Comanche Park,267-957-6753
Marilyn,Sherratt,2018-04-07,msherrattl3@rediff.com,957 Algoma Alley,277-863-2760
Sally,Corkel,2018-07-03,scorkell4@examiner.com,6640 Helena Place,264-925-4178
Nissie,Frarey,2017-11-15,nfrareyl5@blogtalkradio.com,40216 Veith Crossing,479-681-3688
Minor,Kertess,2018-11-06,mkertessl6@istockphoto.com,73 Goodland Junction,701-560-7009
Maribeth,Aloway,2018-04-27,malowayl7@soundcloud.com,750 Mandrake Alley,423-867-6107
Dorette,Bartolacci,2018-11-10,dbartolaccil8@cmu.edu,38214 Carpenter Alley,752-873-7862
Selena,Pullar,2018-03-12,spullarl9@ibm.com,9 Lillian Hill,212-152-0188
Lanny,Dyster,2018-07-30,ldysterla@sourceforge.net,1 Lyons Alley,658-821-0081
Stuart,Woolpert,2018-01-06,swoolpertlb@reuters.com,4 Truax Circle,831-211-2391
Rosabel,Rickis,2018-04-29,rrickislc@macromedia.com,71174 Cardinal Center,521-738-5405
Dalenna,Fitzharris,2018-10-29,dfitzharrisld@cafepress.com,752 Shelley Park,391-286-9184
Audrye,Vost,2018-04-21,avostle@addthis.com,28 Sullivan Circle,784-579-6481
Andre,Spalding,2018-09-20,aspaldinglf@phoca.cz,44 Trailsway Pass,443-200-3007
Bogey,Kienlein,2018-04-22,bkienleinlg@cbslocal.com,101 Pawling Pass,560-360-5896
Marina,Bretland,2018-07-20,mbretlandlh@bloomberg.com,16 Farmco Point,577-951-3312
Edithe,Van den Hof,2018-09-13,evandenhofli@nifty.com,8659 Transport Street,743-883-3672
Rowan,Veschi,2018-08-02,rveschilj@baidu.com,26 Randy Road,909-279-1982
Torrin,Christoffe,2018-10-19,tchristoffelk@abc.net.au,9 Knutson Drive,147-757-4420
Tristam,Short,2018-07-22,tshortll@smugmug.com,290 Arrowood Terrace,291-529-8528
Theresa,Francais,2018-03-02,tfrancaislm@sohu.com,043 Badeau Court,179-341-4660
Henrie,Keats,2018-03-25,hkeatsln@biblegateway.com,8298 Green Ridge Plaza,384-380-4234
Ranee,Ondrich,2018-04-29,rondrichlo@ftc.gov,4 Kenwood Hill,443-145-6541
Naoma,Elsom,2018-10-30,nelsomlp@businesswire.com,318 Golf Course Alley,722-125-2737
Georgeanna,Kershaw,2018-08-25,gkershawlq@answers.com,0 Mariners Cove Center,700-473-8346
Renault,Loveland,2018-04-19,rlovelandlr@state.gov,53976 Loftsgordon Pass,844-571-7715
Garrik,Whitsey,2018-04-19,gwhitseyls@rediff.com,0073 Arizona Road,685-902-9198
Georgianna,Oselton,2018-06-25,goseltonlt@nifty.com,51 Atwood Road,313-742-9131
Dulci,Sullens,2018-07-20,dsullenslu@seattletimes.com,916 Dunning Place,548-121-8606
Tedi,Tremollet,2018-08-28,ttremolletlv@harvard.edu,9783 Tomscot Lane,355-540-9192
Marchall,Lovelady,2018-05-07,mloveladylw@bandcamp.com,91866 John Wall Way,404-385-5151
Rem,Christene,2018-02-25,rchristenelx@chronoengine.com,49968 Oxford Park,922-893-0717
Brandi,Kee,2018-01-08,bkeely@gnu.org,24641 Spohn Place,398-241-4248
Raychel,Fruchon,2018-06-16,rfruchonlz@blogspot.com,33190 Park Meadow Court,776-468-8650
Darb,Shellard,2018-03-24,dshellardm0@cam.ac.uk,8917 Huxley Plaza,881-147-7203
Basil,Easom,2018-06-12,beasomm1@slashdot.org,7853 Dovetail Drive,448-572-2041
Novelia,Cumesky,2018-01-31,ncumeskym2@ibm.com,03 Kennedy Alley,789-343-1278
Berta,Roddie,2017-12-03,broddiem3@springer.com,63732 Sherman Hill,853-854-1009
Marketa,Albin,2018-09-04,malbinm4@liveinternet.ru,0 Blackbird Alley,660-998-6115
Marillin,Landreth,2018-04-19,mlandrethm5@printfriendly.com,7 Hoffman Parkway,991-295-1890
Kendal,Colwell,2018-10-20,kcolwellm6@twitpic.com,93734 Forest Run Circle,825-211-2538
Chiarra,Tweede,2018-11-13,ctweedem7@wunderground.com,536 Del Sol Place,385-885-5592
Sharl,Tremberth,2018-01-21,stremberthm8@dedecms.com,0028 Dryden Parkway,166-508-6415
Tripp,MacAloren,2018-06-09,tmacalorenm9@walmart.com,6 Donald Point,544-307-1077
Kiah,Carleman,2017-12-25,kcarlemanma@netscape.com,119 Daystar Hill,845-276-1527
Barnabe,Ishaki,2018-11-01,bishakimb@geocities.com,5 Di Loreto Drive,957-298-0974
Son,Grishukov,2018-02-12,sgrishukovmc@cnet.com,0 Jenna Center,469-420-2933
Bryant,Lukes,2018-03-19,blukesmd@nasa.gov,0 Upham Lane,987-407-0337
Cherin,Pay,2018-02-21,cpayme@xinhuanet.com,772 Dennis Trail,861-932-9335
Juliet,Goddard,2018-10-07,jgoddardmf@howstuffworks.com,444 Banding Hill,189-988-0343
Margarete,Oulner,2017-12-23,moulnermg@multiply.com,8388 Dunning Circle,122-685-9906
Ardis,Lambert,2018-04-05,alambertmh@bigcartel.com,422 Center Junction,266-171-4640
Layla,Cookney,2018-10-30,lcookneymi@sciencedaily.com,94 Fulton Court,570-753-7175
Annamaria,Klousner,2018-07-20,aklousnermj@google.co.jp,33 Jackson Circle,166-588-6589
Joletta,Soppit,2018-03-28,jsoppitmk@yale.edu,18 Brown Place,673-675-7056
Henrie,Chelley,2018-05-14,hchelleyml@qq.com,79 Westend Pass,107-320-7327
Jerrold,Hessle,2018-05-27,jhesslemm@google.com,02 Autumn Leaf Circle,546-531-9131
Lina,Shyres,2018-10-06,lshyresmn@wikimedia.org,81 Pawling Park,748-924-2284
Dalli,McIlmorie,2018-10-16,dmcilmoriemo@163.com,8355 Independence Court,402-123-1786
Martita,Rowesby,2018-02-26,mrowesbymp@mit.edu,523 Florence Road,540-459-6913
Fayth,Ahlf,2018-01-04,fahlfmq@howstuffworks.com,4644 Hollow Ridge Plaza,816-945-6068
Merrile,Cogley,2018-06-13,mcogleymr@about.me,824 Norway Maple Plaza,645-575-4276
Charlena,Kunkel,2018-05-05,ckunkelms@gnu.org,11 Clemons Parkway,357-962-9059
Von,Crayton,2017-11-19,vcraytonmt@123-reg.co.uk,80 Helena Crossing,319-479-1751
Aridatha,Treadgall,2018-05-28,atreadgallmu@mozilla.com,5 Golf View Way,532-691-7439
Marilyn,Zouch,2018-03-28,mzouchmv@is.gd,4 Brentwood Street,287-201-4376
Lyon,Owttrim,2018-10-29,lowttrimmw@goo.ne.jp,3498 Spenser Lane,457-214-3734
Ivett,Pretsell,2018-07-11,ipretsellmx@rakuten.co.jp,7 International Junction,975-308-7720
Tracee,McNalley,2018-05-26,tmcnalleymy@networkadvertising.org,03388 Meadow Vale Point,369-668-4481
Kevan,Hurdidge,2018-04-09,khurdidgemz@mapy.cz,28 Arrowood Junction,643-553-9217
Mario,Cronkshaw,2018-06-11,mcronkshawn0@trellian.com,5833 Sutteridge Drive,920-713-0842
Miran,Hens,2018-05-16,mhensn1@gmpg.org,52057 Moland Terrace,258-884-0443
Jeannine,Callaghan,2018-06-12,jcallaghann2@prweb.com,518 Ridgeway Parkway,793-768-8596
Anabel,Scane,2018-04-20,ascanen3@nba.com,815 Anderson Road,872-665-7484
Osmund,Abbess,2017-11-15,oabbessn4@com.com,4496 Lake View Circle,340-933-5297
Pearce,Hargreave,2018-05-07,phargreaven5@usgs.gov,30820 Gerald Alley,810-721-0274
Antoni,Verryan,2018-02-07,averryann6@macromedia.com,2 Spaight Terrace,360-570-2403
Adena,Louthe,2018-08-12,alouthen7@si.edu,475 Carey Alley,883-894-5761
Frances,Staining,2018-01-10,fstainingn8@wisc.edu,99 Fair Oaks Street,842-926-3988
Padget,Greaves,2018-05-18,pgreavesn9@cyberchimps.com,3 Cambridge Trail,428-744-7372
Fabe,Cubbini,2017-11-16,fcubbinina@oracle.com,104 Manley Avenue,792-784-6361
Vallie,Cleare,2018-04-16,vclearenb@rediff.com,25 Northview Park,361-169-8983
Laina,Cotillard,2018-08-22,lcotillardnc@ucla.edu,0 Doe Crossing Plaza,890-154-9723
Marta,Hindrich,2018-04-02,mhindrichnd@youtu.be,04 Melody Parkway,125-183-6901
Cherilynn,Sawyers,2018-07-09,csawyersne@statcounter.com,8014 Old Shore Point,341-288-0176
Cyb,Skechley,2018-07-04,cskechleynf@seesaa.net,10 Eggendart Street,225-552-6560
Coreen,Gier,2018-09-16,cgierng@patch.com,27 Amoth Pass,142-780-4927
Cathie,Buddington,2018-04-04,cbuddingtonnh@topsy.com,047 Ridge Oak Terrace,440-683-6842
Carlina,McIllroy,2018-03-18,cmcillroyni@elegantthemes.com,423 Charing Cross Parkway,553-714-0951
Danyette,Goldby,2018-10-13,dgoldbynj@washingtonpost.com,20805 Park Meadow Center,249-984-3247
Letta,Snasdell,2018-05-27,lsnasdellnk@sciencedirect.com,44 Fisk Park,377-932-5071
Aluino,Randerson,2018-03-10,arandersonnl@over-blog.com,8611 Crescent Oaks Alley,368-907-9513
Gerty,Hadleigh,2018-10-06,ghadleighnm@youtube.com,99 Express Drive,348-743-5664
Nealy,Jex,2018-05-23,njexnn@bloglovin.com,1560 Rockefeller Court,923-608-9083
Findlay,Shercliff,2018-08-31,fshercliffno@xing.com,9396 Hooker Lane,193-648-9107
Gianina,Tomson,2018-04-20,gtomsonnp@columbia.edu,59 Fairview Center,694-809-7752
Lon,Doncom,2018-01-02,ldoncomnq@discuz.net,302 Sage Junction,471-757-0519
Perri,Defont,2018-02-14,pdefontnr@ning.com,757 Stoughton Lane,924-339-6666
Hadlee,Enoksson,2018-05-16,henokssonns@bandcamp.com,3 Donald Avenue,907-147-4218
Margy,Logue,2018-03-31,mloguent@sun.com,24917 Hovde Circle,355-684-7558
Anton,Lopez,2018-04-19,alopeznu@sun.com,577 Mifflin Junction,584-320-0590
Niels,Dilliston,2018-08-07,ndillistonnv@auda.org.au,7 Golf Course Parkway,124-382-6781
Henriette,Gurr,2018-08-16,hgurrnw@networkadvertising.org,98086 International Junction,562-908-3293
Edd,Ffrench,2018-04-13,effrenchnx@macromedia.com,704 Loomis Pass,205-421-0619
Elsie,Johnsee,2018-09-24,ejohnseeny@infoseek.co.jp,9005 Emmet Plaza,300-906-0971
Alene,Bownde,2018-07-05,abowndenz@ox.ac.uk,264 Surrey Point,800-496-4483
Adrian,Bocke,2017-11-26,abockeo0@yellowbook.com,563 Bobwhite Crossing,498-786-1616
Jacintha,Jeffes,2018-10-05,jjeffeso1@weebly.com,566 Moose Point,364-511-6353
Sharyl,Sawyers,2018-10-31,ssawyerso2@go.com,287 Upham Plaza,647-302-7314
Abra,Bettington,2018-03-03,abettingtono3@last.fm,62289 Jenna Hill,493-724-8625
Weston,Sterman,2018-09-20,wstermano4@tamu.edu,5372 Golf Street,885-230-5470
Bartholemy,Hillin,2017-12-31,bhillino5@hao123.com,73432 Meadow Valley Hill,833-899-4038
Herc,Adderson,2018-04-11,haddersono6@narod.ru,25766 Sunnyside Hill,675-944-0559
Jennee,Cozby,2018-06-04,jcozbyo7@ucsd.edu,2 Charing Cross Pass,879-500-2381
Seana,Delacourt,2017-12-27,sdelacourto8@amazon.co.jp,766 Vidon Point,122-716-3752
Madonna,Flindall,2018-02-26,mflindallo9@shinystat.com,222 Bayside Parkway,869-975-9278
Lenna,Jemmison,2018-06-07,ljemmisonoa@cnn.com,90 Vera Park,546-953-0098
Marrissa,Beacon,2017-12-13,mbeaconob@disqus.com,7909 Dayton Point,788-959-6477
Cassey,Thireau,2018-09-20,cthireauoc@g.co,4 Lien Parkway,934-381-3064
Riordan,Carvil,2018-08-16,rcarvilod@trellian.com,914 Mayfield Place,288-814-7485
Feodor,Donat,2018-10-03,fdonatoe@auda.org.au,46333 Kingsford Center,200-158-1311
Coletta,Gosnell,2018-02-27,cgosnellof@google.com,55 Weeping Birch Circle,233-940-4299
Pattin,Ormonde,2018-09-20,pormondeog@histats.com,0 Eagle Crest Terrace,703-125-7622
Nicole,Burkhill,2018-04-11,nburkhilloh@icio.us,25 Linden Crossing,200-105-3204
Nessie,Elfe,2018-11-07,nelfeoi@utexas.edu,05793 Corry Court,539-611-1040
Kayley,Hurtado,2018-09-27,khurtadooj@ibm.com,4130 Di Loreto Center,588-364-4882
Robena,Verbruggen,2018-06-27,rverbruggenok@nih.gov,324 Blaine Place,203-185-3497
Guy,Flott,2018-04-29,gflottol@sakura.ne.jp,69137 Jackson Junction,952-179-8832
Robin,Owlner,2018-01-27,rowlnerom@naver.com,0 Grayhawk Center,319-789-2203
Dian,Crosham,2018-01-06,dcroshamon@tripadvisor.com,25 Milwaukee Drive,443-950-2789
Rodge,Chisolm,2018-06-01,rchisolmoo@flickr.com,598 Welch Junction,360-647-6118
Amery,Johantges,2017-12-20,ajohantgesop@ted.com,83934 Clyde Gallagher Hill,733-952-5131
Roddie,Whillock,2018-03-22,rwhillockoq@phpbb.com,02804 Northfield Court,279-440-4222
Madonna,Ivanyushkin,2018-06-29,mivanyushkinor@webs.com,46 Emmet Way,940-154-1684
Sharl,Ruperti,2018-09-12,srupertios@house.gov,39309 Shasta Terrace,773-771-5655
Katherine,Freezor,2018-09-23,kfreezorot@miitbeian.gov.cn,2377 Sycamore Center,268-648-5684
Lukas,Nutbean,2018-07-15,lnutbeanou@topsy.com,167 Stang Avenue,599-437-5595
Hadleigh,Chiddy,2018-03-01,hchiddyov@storify.com,90424 Welch Pass,932-411-5144
Jessika,Marvin,2018-01-13,jmarvinow@shutterfly.com,62 Jana Court,323-905-0510
Myrtle,Howson,2018-09-15,mhowsonox@noaa.gov,966 Bartelt Alley,667-242-4235
Hersh,Titcomb,2018-06-21,htitcomboy@xing.com,499 Hoepker Court,169-563-9603
Quillan,McDermott-Row,2018-10-24,qmcdermottrowoz@mlb.com,106 Bowman Place,278-237-1515
Arvie,Owbridge,2018-05-23,aowbridgep0@oakley.com,54999 Kedzie Hill,680-840-0144
Eugen,Arkin,2017-12-05,earkinp1@friendfeed.com,418 Grayhawk Drive,337-467-3497
Cooper,Grenkov,2018-04-26,cgrenkovp2@addthis.com,44423 Jana Court,272-519-6530
Bordie,Cogswell,2018-09-27,bcogswellp3@google.nl,5 Cascade Parkway,305-340-1626
Ofelia,Godon,2017-12-31,ogodonp4@scientificamerican.com,708 Mendota Way,766-210-6167
Kingsly,Riches,2018-04-18,krichesp5@wikimedia.org,526 Rigney Parkway,307-504-5781
Rollie,Ridgedell,2018-09-04,rridgedellp6@free.fr,5270 Kensington Place,868-607-6553
Barbra,Grasser,2018-10-23,bgrasserp7@bloglovin.com,3 Lindbergh Circle,137-926-4947
Faye,Minnock,2018-02-28,fminnockp8@php.net,8282 Trailsway Avenue,684-171-3777
Gillian,Rydzynski,2018-09-03,grydzynskip9@weather.com,3 Londonderry Pass,815-733-5436
Eadie,Nutbean,2017-11-18,enutbeanpa@chron.com,997 7th Terrace,378-273-2929
Gretna,Pettifer,2017-12-05,gpettiferpb@lycos.com,8 Crest Line Plaza,337-333-7292
Naoma,Crutchfield,2018-02-17,ncrutchfieldpc@hubpages.com,0329 Dryden Court,470-898-8053
Brandice,Arthan,2018-11-08,barthanpd@woothemes.com,8145 Shopko Parkway,254-282-5706
Klarika,Orbell,2018-08-25,korbellpe@nsw.gov.au,82 Knutson Place,851-662-7101
Darnall,Ortmann,2018-11-04,dortmannpf@illinois.edu,72 Sherman Alley,955-657-4691
Ericka,Baskerfield,2018-09-08,ebaskerfieldpg@answers.com,65 Forster Terrace,283-377-6703
Sarge,Eldred,2018-10-27,seldredph@webs.com,2200 Waubesa Place,312-893-8533
Vinson,Coldridge,2018-08-15,vcoldridgepi@rambler.ru,61 Melody Court,242-781-4301
Sutherlan,Meekings,2018-07-09,smeekingspj@tripod.com,7855 Arrowood Place,108-449-6998
Pail,Calverd,2018-08-11,pcalverdpk@nationalgeographic.com,6 Randy Trail,453-847-2888
Izaak,Hindmore,2018-09-10,ihindmorepl@eventbrite.com,24 Packers Park,891-887-0022
Jeffie,Wroe,2018-11-01,jwroepm@dell.com,046 Riverside Place,561-506-0282
Minetta,Ilden,2018-06-03,mildenpn@purevolume.com,596 Redwing Hill,946-276-6777
Marget,Selburn,2018-04-27,mselburnpo@bloomberg.com,7 Acker Street,631-571-2382
Georgette,Firman,2018-08-17,gfirmanpp@microsoft.com,20 Nevada Hill,209-534-2838
Nathalie,Zarfati,2018-04-03,nzarfatipq@fda.gov,732 Garrison Point,741-684-2161
Deina,Reuss,2017-12-13,dreusspr@biglobe.ne.jp,980 Mitchell Crossing,816-973-4506
Sharleen,Binnion,2017-12-01,sbinnionps@house.gov,6567 Lillian Crossing,932-572-0806
Gilberta,Dole,2017-12-02,gdolept@cmu.edu,18516 Shoshone Alley,783-875-7266
Milka,Gerrelts,2018-04-08,mgerreltspu@ucsd.edu,577 Burning Wood Park,782-698-3599
Lukas,Honywill,2018-08-25,lhonywillpv@cisco.com,506 Moland Center,376-651-6999
Melody,Wraight,2018-10-10,mwraightpw@china.com.cn,38503 Maple Wood Avenue,799-687-4143
Lea,Brodway,2017-11-18,lbrodwaypx@admin.ch,4079 Sage Plaza,993-967-2919
Bobinette,Gilchriest,2018-01-13,bgilchriestpy@addthis.com,3 Merchant Avenue,145-815-9350
Kele,McCritchie,2018-05-02,kmccritchiepz@shutterfly.com,4806 Schlimgen Parkway,475-217-3677
Chip,Ellens,2018-09-08,cellensq0@sourceforge.net,5 Lyons Junction,198-461-2091
Sasha,Sabater,2018-04-14,ssabaterq1@sphinn.com,27 Nelson Point,230-771-7132
Deck,Slewcock,2018-04-16,dslewcockq2@ft.com,9207 Mandrake Hill,518-267-7174
Osbourne,Chamberlaine,2018-08-26,ochamberlaineq3@gizmodo.com,3 North Court,450-126-8351
Gunilla,Spir,2018-06-11,gspirq4@sitemeter.com,19604 Schurz Hill,326-519-6532
Pepi,Pilipets,2018-04-16,ppilipetsq5@oracle.com,9903 Graedel Alley,638-924-3343
D'arcy,Nestle,2018-05-02,dnestleq6@amazon.co.uk,5922 Fuller Drive,373-696-7614
Cornela,Switland,2018-01-27,cswitlandq7@disqus.com,07236 Heath Point,522-396-6612
Merwyn,Puig,2018-01-18,mpuigq8@delicious.com,3370 Rusk Crossing,991-174-6075
Theodor,Ong,2018-07-14,tongq9@mysql.com,36 Pine View Junction,929-945-0919
Egbert,Petrus,2018-06-07,epetrusqa@china.com.cn,44 Farragut Alley,304-410-8442
Feodor,Lowrey,2018-06-19,flowreyqb@seesaa.net,0 Weeping Birch Parkway,498-255-1691
Mariana,Renhard,2018-04-30,mrenhardqc@latimes.com,2228 Pierstorff Street,879-665-8766
Else,Grigolashvill,2018-07-14,egrigolashvillqd@ucla.edu,1633 Goodland Drive,201-413-7994
Ailene,Dury,2018-06-14,aduryqe@elpais.com,74 Kennedy Junction,379-989-5891
Alene,Leindecker,2018-04-17,aleindeckerqf@ycombinator.com,2 Straubel Plaza,758-283-0661
Aluin,Andrusyak,2018-07-24,aandrusyakqg@photobucket.com,12045 Independence Junction,314-536-6858
Christiane,Calyton,2018-03-31,ccalytonqh@businessinsider.com,8212 Veith Circle,977-810-6508
Flor,Thunnercliffe,2018-09-12,fthunnercliffeqi@digg.com,7415 Daystar Street,634-621-6547
Arte,Josh,2018-04-29,ajoshqj@chron.com,23 Marcy Avenue,907-912-4996
Currie,Maruszewski,2018-05-25,cmaruszewskiqk@auda.org.au,25 Luster Trail,600-307-6944
Jocelin,Wrightham,2018-05-13,jwrighthamql@a8.net,85143 Straubel Circle,859-310-7421
Finlay,Gabriely,2018-03-12,fgabrielyqm@people.com.cn,8 Hovde Parkway,296-410-8375
Marissa,Drewet,2018-09-22,mdrewetqn@ftc.gov,894 Maryland Way,267-531-7190
Arte,Puckrin,2018-01-14,apuckrinqo@so-net.ne.jp,7 Leroy Lane,544-129-9611
Scot,Mordue,2018-10-22,smordueqp@psu.edu,29260 Memorial Hill,609-945-5333
Rodge,Caseri,2018-02-13,rcaseriqq@joomla.org,2642 Brickson Park Center,429-567-8407
Thornton,Maryin,2018-11-13,tmaryinqr@usatoday.com,1310 Summer Ridge Junction,272-746-2232
Cindee,Fishbourne,2018-06-29,cfishbourneqs@ebay.com,3914 Parkside Pass,768-403-5786
Peggie,Ianetti,2018-05-16,pianettiqt@tripod.com,00195 Messerschmidt Pass,347-959-8196
Annmaria,Mavin,2018-10-05,amavinqu@photobucket.com,168 Erie Place,178-841-1206
Ripley,Koubek,2018-10-21,rkoubekqv@seattletimes.com,39 Fremont Place,213-709-9741
Rebecka,Persehouse,2018-02-02,rpersehouseqw@japanpost.jp,1997 Golf Course Terrace,716-415-8656
Bar,Bewick,2018-09-03,bbewickqx@cornell.edu,2 Cordelia Court,926-642-9475
Elset,Robins,2018-09-06,erobinsqy@diigo.com,6478 Lerdahl Lane,882-737-5452
Marlie,Bernaldo,2018-09-14,mbernaldoqz@jimdo.com,7192 Chive Junction,913-735-2158
Hersh,Bullimore,2017-12-17,hbullimorer0@infoseek.co.jp,024 Tomscot Way,832-573-8908
Miner,Ucceli,2018-09-21,muccelir1@oaic.gov.au,278 Lunder Trail,488-394-9272
Syd,Liptrot,2018-08-17,sliptrotr2@360.cn,30 Ohio Street,805-231-7293
Dori,Ribeiro,2018-09-21,dribeiror3@ow.ly,36 Manley Avenue,192-294-0080
Lexi,Whittles,2017-12-21,lwhittlesr4@liveinternet.ru,7995 Lerdahl Circle,225-527-8023
Kellen,Pinwell,2017-11-27,kpinwellr5@google.co.jp,4127 Ramsey Plaza,520-943-5921
Abigale,Binge,2018-03-11,abinger6@canalblog.com,61 Cottonwood Drive,860-806-8726
Adams,Spandley,2018-08-02,aspandleyr7@bbc.co.uk,3229 Stone Corner Lane,803-317-0273
Binny,Harriss,2017-11-27,bharrissr8@instagram.com,928 Lotheville Circle,259-451-0887
Myriam,Bowra,2018-10-21,mbowrar9@eepurl.com,94 Darwin Road,985-624-8929
Lynett,Gorman,2018-07-03,lgormanra@unesco.org,8 David Parkway,651-161-1453
Marjie,Chettle,2017-12-01,mchettlerb@cocolog-nifty.com,5754 Lien Way,714-282-5874
Malynda,Eyer,2018-08-01,meyerrc@csmonitor.com,48883 Eagan Center,650-573-1730
Weylin,Worg,2018-01-31,wworgrd@theguardian.com,43 Thompson Plaza,440-172-2641
Verina,Poli,2018-02-21,vpolire@typepad.com,2 Nova Lane,733-102-6974
Margret,Petty,2018-07-24,mpettyrf@fema.gov,67 Summit Center,816-275-8860
Sheilah,Tremayne,2018-09-09,stremaynerg@photobucket.com,53592 Dawn Parkway,760-146-7771
Daren,Landman,2018-10-06,dlandmanrh@indiegogo.com,62 8th Way,675-368-2436
Granny,Edwicker,2018-10-01,gedwickerri@google.co.uk,1 Stang Place,448-201-8414
Freeman,Flitcroft,2018-05-10,fflitcroftrj@biglobe.ne.jp,7140 Cottonwood Hill,175-165-6801
Noland,Bishop,2018-07-21,nbishoprk@soundcloud.com,5 Thierer Road,265-609-1372
Janey,De Bell,2018-07-26,jdebellrl@altervista.org,7 Randy Parkway,345-191-9226
Doloritas,Derell,2018-07-15,dderellrm@youtube.com,186 Westerfield Lane,644-837-2838
Kayne,De Metz,2018-09-16,kdemetzrn@google.cn,800 Stone Corner Place,592-547-6538
Diandra,Over,2018-02-26,doverro@house.gov,3322 Butterfield Way,713-794-9437
Gregorio,Pulley,2018-09-13,gpulleyrp@msu.edu,16023 Sachs Place,301-455-8206
Cacilie,Bealton,2017-12-24,cbealtonrq@php.net,05516 Scofield Pass,626-776-6713
Kelsi,Pennazzi,2018-08-04,kpennazzirr@desdev.cn,25 Clove Drive,643-716-7779
